product_id,product_name,product_url,price,stock_total,stock_per_size,sizes_available,category,brand,country_of_origin,shoe_model,material,shipped_from,rating,review_count,sold_count,description,image_urls,image_local_paths
253449367_15890734383,Yuri Penny Black - Nappa Milano - Sandal Unisex,https://shopee.co.id/Yuri-Penny-Black-Nappa-Milano-Sandal-Unisex-i.253449367.15890734383,629000.0,0,"{""36"": 30, ""37"": 35, ""38"": 32, ""39"": 33, ""40"": 31, ""41"": 0, ""42"": 0, ""43"": 0, ""44"": 0, ""45"": 0}","36, 37, 38, 39, 40",Sepatu Pria > Sandal > Sandal Slide,NAPPA MILANO,Indonesia,,kulit,KAB. TANGERANG,4.9,225,652,"Classic penny accent to top off the infamous slip-on pair. Designed for effortless use while still providing the put-togetherness. Finely crafted with real leather along with EVA Rubber outsole ensuring utmost comfort for your daily look. Available in two color ways—Black and Maroon.
Upper Material: Box Leather
Outsole: EVA Rubber",https://down-id.img.susercontent.com/file/sg-11134201-7rbnb-lqkaxbaspd1h48,data/images/253449367_15890734383/img_0.jpg
253449367_53961642473,Gail Dainty Black,https://shopee.co.id/Gail-Dainty-Black-i.253449367.53961642473,689000.0,0,"{""36"": 2, ""37"": 10, ""38"": 14, ""39"": 12, ""40"": 9}","36, 37, 38, 39, 40",Sepatu Wanita > Sepatu Flat > Rounded Toe Flats,NAPPA MILANO,,,"Kulit, Lainnya",KAB. TANGERANG,,,1,"Gail Dainty introduces a softer side of Gail — combining feminine details with the comfort and ease of an everyday sneaker. Designed with a lightweight feel, soft elastic finishing, and delicate lace accents, the silhouette brings a playful yet effortless touch to daily wear. Easy to style and comfortable to move in, Gail Dainty is made for girls who love the comfort sneakers bring, but with a softer, more feminine touch.
Materials:
- Upper: Suede Leather & Nylon
- Lining: Textile
- Outsole: Lightweight Rubber
- Construction: Cementing",https://down-id.img.susercontent.com/file/sg-11134201-823p4-mp1v3afjs6q34d,data/images/253449367_53961642473/img_0.jpg
253449367_57402386866,Gale Soccer Black - Nappa Milano - Sepatu Sneakers Pria,https://shopee.co.id/Gale-Soccer-Black-Nappa-Milano-Sepatu-Sneakers-Pria-i.253449367.57402386866,740050.0,0,"{""40"": 0, ""41"": 0, ""42"": 0, ""43"": 0, ""44"": 2, ""45"": 0}",44,Sepatu Pria > Sneakers,NAPPA MILANO,,,,KAB. TANGERANG,4.9,16,48,"Gale Soccer draws inspiration from the silhouette of classic football footwear, bringing the spirit of the game into everyday life. Designed with flat soles and chosen materials for comfort outside the field, this pair offers soft textures that feel great from the very first step. Gale Soccer pairs well with any outfit, making it a must-have for anyone who craves a distinctive and stylish addition to their daily attire.
Materials:
- Upper: Nubuck leather & Lamb skin leather# ganti output/images → data/images
- Lining: Lamb skin leather
- Outsole: Lightweight Rubber
- Construction: Cementing",https://down-id.img.susercontent.com/file/sg-11134201-82274-mhpvvefca6mb3a,data/images/253449367_57402386866/img_0.jpg
253449367_48960962222,Luther Penny Green - Nappa Milano - Sepatu Kulit Pria,https://shopee.co.id/Luther-Penny-Green-Nappa-Milano-Sepatu-Kulit-Pria-i.253449367.48960962222,769000.0,0,"{""39"": 0, ""40"": 0, ""41"": 15, ""42"": 0, ""43"": 15, ""44"": 15, ""45"": 15, ""46"": 0}","41, 43, 44, 45",Sepatu Pria > Sepatu Formal > Loafer,NAPPA MILANO,Indonesia,,Kulit,KAB. TANGERANG,5.0,4,27,"Meet the Luther Penny, an easy, polished loafer made for everyday wear. Crafted from soft Nappa leather and lined with smooth garment leather, it feels as good as it looks. The lightweight rubber sole keeps you comfortable on the move. Luther effortlessly enhances your overall look, combining prestige with timeless appeal—the perfect choice for days when you want to look sharp without trying too hard.
Discover Luther’s three new colorways, Green, Brown Suede, and Black-White, colors that offer a slightly bolder expression but remain timeless and elegant.
Materials:
- Upper: Nappa leather
- Lining: Garment
- Outsole: Lightweight Rubber
- Construction: Cementing",https://down-id.img.susercontent.com/file/sg-11134201-823ot-moj63c0uot8r56_tn,data/images/253449367_48960962222/img_0.jpg
253449367_22684806600,Moss Derby Zebra - Nappa Milano - Sepatu Unisex,https://shopee.co.id/Moss-Derby-Zebra-Nappa-Milano-Sepatu-Unisex-i.253449367.22684806600,709000.0,0,"{""36"": 8, ""37"": 8, ""38"": 0, ""39"": 8, ""40"": 0, ""41"": 0, ""42"": 8, ""43"": 8, ""44"": 8, ""45"": 8}","36, 37, 39, 42, 43, 44, 45",Sepatu Pria > Sepatu Pria Lainnya,NAPPA MILANO,,,,KAB. TANGERANG,5.0,6,11,"For packaging protection, please add bubble wrap to your order (will add 1 kg to your total order weight)
https://shopee.co.id/product/253449367/22320248351/
We created a new shape through Moss Derby to offer a less formal derby shoe with a roomy round-toes design, making it fit for most foot types. Moss Derby is unisex and has eight color options with various leather materials, offering endless possibilities and inconceivably vast options for your everyday look. They’re, in fact, classic, timeless and that versatile.
Upper: Nappa Leather & Animal Printed Leather
Insole: Phylon Injection Insole
Outsole: Lightweight Rubber
Construction: Cemented",https://down-id.img.susercontent.com/file/sg-11134201-7rbks-lqkbj7kr5nr8be,data/images/253449367_22684806600/img_0.jpg
253449367_28463430345,Damian Tassel Brown - Nappa Milano - Sepatu Pantofel Pria,https://shopee.co.id/Damian-Tassel-Brown-Nappa-Milano-Sepatu-Pantofel-Pria-i.253449367.28463430345,869000.0,0,"{""39"": 0, ""40"": 0, ""41"": 0, ""42"": 30, ""43"": 30, ""44"": 30, ""45"": 30, ""46"": 0}","42, 43, 44, 45",Sepatu Pria > Sepatu Formal > Loafer,NAPPA MILANO,,,Kulit,KAB. TANGERANG,5.0,48,147,"For packaging protection, please add bubble wrap to your order (will add 1 kg to your total order weight)
https://shopee.co.id/product/253449367/22320248351/
The Damian Tassel presents a sleek silhouette designed for the modern gentleman, offering a timeless and elegant appearance. Available in color black and brown.
Features:
Tassel Accent: An easy slip-on pair completed with tassel accents that add a touch of refinement.
Comfort Fit: Crafted with a cushioned insole and an outsole made of fiber rubber, these shoes provide all-day comfort.
Premium Materials: These shoes are crafted with high-quality materials that boast durability and a refined finish.
Formal & Versatile: Its formal, classic and timeless design complements suits, dress pants, and more.
Materials:
- Upper: Nappa Leather
- Lining: Garment
- Outsole: Lightweight Rubber
- Construction: Cementing",https://down-id.img.susercontent.com/file/id-11134207-7rbkd-m8zzkq2mha1933,data/images/253449367_28463430345/img_0.jpg
253449367_44223223951,Lacy Ballet Flats Red - Nappa Milano - Sepatu Flat Kulit Wanita,https://shopee.co.id/Lacy-Ballet-Flats-Red-Nappa-Milano-Sepatu-Flat-Kulit-Wanita-i.253449367.44223223951,849000.0,0,"{""36"": 0, ""37"": 13, ""38"": 13, ""39"": 13, ""40"": 0, ""41"": 0}","37, 38, 39",Sepatu Wanita > Sepatu Flat > Rounded Toe Flats,NAPPA MILANO,Indonesia,,,KAB. TANGERANG,4.9,26,98,"A soft and feminine take on the classic ballet flat. Designed with an elastic strap for a touch of charm and a secure fit, the Lacy Ballet Flats add effortless elegance to your everyday looks — from casual strolls to dressier moments. Available in: White, Black, Red, and Silver.
Materials:
- Upper: Lamb Skin
- Lining: Textile
- Outsole: Lightweight Rubber
- Construction: Cementing",https://down-id.img.susercontent.com/file/sg-11134201-824hv-mfl4t55srkehd4_tn,data/images/253449367_44223223951/img_0.jpg
253449367_19960266807,Mocc Penny Brown - Nappa Milano - Sepatu Pria,https://shopee.co.id/Mocc-Penny-Brown-Nappa-Milano-Sepatu-Pria-i.253449367.19960266807,839000.0,0,"{""39"": 0, ""40"": 0, ""41"": 10, ""42"": 0, ""43"": 10, ""44"": 0, ""45"": 10}","41, 43, 45",Sepatu Pria > Sepatu Formal > Loafer,NAPPA MILANO,Indonesia,,Kulit,KAB. TANGERANG,4.9,45,130,"CEK SIZE CHART DI FOTO SLIDE TERAKHIR / PANDUAN UKURAN
Get classic style from Mocc Penny Brown, a squared moc-toe penny loafer exclusively made from hand-painted Vegetable Leather that brings timeless sophistication to a classic loafer. With its style and complete comfort, this classic leather penny loafer will become a staple in your collection.
Upper: Hand-painted Vegetable Leather
Outsole: Eva Rubber
Lining: Soft Garment",https://down-id.img.susercontent.com/file/id-11134207-7ra0s-mczx5nyedpwkd8_tn,data/images/253449367_19960266807/img_0.jpg
253449367_27524984578,Mocc Tassel Black - Nappa Milano - Sepatu Formal Pria,https://shopee.co.id/Mocc-Tassel-Black-Nappa-Milano-Sepatu-Formal-Pria-i.253449367.27524984578,779000.0,0,"{""39"": 0, ""40"": 0, ""41"": 0, ""42"": 0, ""43"": 1, ""44"": 0, ""45"": 0}",43,Sepatu Pria > Slip-On & Mules,NAPPA MILANO,,,,KAB. TANGERANG,5.0,21,64,"CEK SIZE CHART DI FOTO SLIDE TERAKHIR / PANDUAN UKURAN
Add a touch of charm to your wardrobe with these classic brown tassel loafers. Crafted from hand-painted vegetable leather, they showcase intricate stitching and elegant tassel detailing for a refined look. The outsole ensures lightweight durability, and the soft garment leather lining provides exceptional comfort, making them perfect for day-to-day wear or special occasions.
Upper: Hand-painted Vegetable-Tanned Leather
Outsole: Lightweight EVA Rubber
Lining: Soft Garment Leather",https://down-id.img.susercontent.com/file/sg-11134201-7rbkz-m5shjvk27f7k17_tn,data/images/253449367_27524984578/img_0.jpg
253449367_28607784437,Nappa Mink Oil - Pelindung Sepatu Kulit Premium,https://shopee.co.id/Nappa-Mink-Oil-Pelindung-Sepatu-Kulit-Premium-i.253449367.28607784437,759000.0,0,{},,Sepatu Pria > Aksesoris & Perawatan Sepatu > Alat Perawatan & Pembersih Sepatu,-,Indonesia,,Mink Oil,KAB. TANGERANG,5.0,414,1RB+,"Keep your leather shoes moisturized with Mink Oil. This premium mink oil conditions and preserves leather, maintaining its softness and durability. Easy to apply, it refreshes your footwear's look and extends its life.
How to Use:
1. Apply with the applicator provided,
2. let absorb, and
3. buff lightly with a cloth.",https://down-id.img.susercontent.com/file/sg-11134201-7rdwp-lyw3sbb200x62e,data/images/253449367_28607784437/img_0.jpg
253449367_54453808992,Lacy Classic Flats Tan - Nappa Milano - Sepatu Flat Wanita,https://shopee.co.id/Lacy-Classic-Flats-Tan-Nappa-Milano-Sepatu-Flat-Wanita-i.253449367.54453808992,1039000.0,0,"{""36"": 26, ""37"": 26, ""38"": 26, ""39"": 26, ""40"": 26, ""41"": 26}","36, 37, 38, 39, 40, 41",Sepatu Wanita > Sepatu Flat > Rounded Toe Flats,NAPPA MILANO,,,Kulit,KAB. TANGERANG,5.0,12,28,"Timeless and versatile, the Lacy Classic Flats feature a clean, minimal silhouette that complements any outfit. Crafted for all-day comfort, they’re every lady go-to pair for a polished, easy look every day. Now available in three new colorways: beige, maroon, and tan.
Materials:
- Upper: Lamb Skin
- Lining: Textile
- Outsole: Lightweight Rubber
- Construction: Cementing",https://down-id.img.susercontent.com/file/sg-11134201-81zvh-mir33eah7ev82f_tn,data/images/253449367_54453808992/img_0.jpg
253449367_43881429204,Gail Dainty Blue,https://shopee.co.id/Gail-Dainty-Blue-i.253449367.43881429204,749000.0,0,"{""36"": 31, ""37"": 31, ""38"": 31, ""39"": 31, ""40"": 31}","36, 37, 38, 39, 40",Sepatu Wanita > Sepatu Flat > Rounded Toe Flats,NAPPA MILANO,,,"Kulit, Lainnya",KAB. TANGERANG,,,0,"Gail Dainty introduces a softer side of Gail — combining feminine details with the comfort and ease of an everyday sneaker. Designed with a lightweight feel, soft elastic finishing, and delicate lace accents, the silhouette brings a playful yet effortless touch to daily wear. Easy to style and comfortable to move in, Gail Dainty is made for girls who love the comfort sneakers bring, but with a softer, more feminine touch.
Materials:
- Upper: Suede Leather & Nylon
- Lining: Textile
- Outsole: Lightweight Rubber
- Construction: Cementing",https://down-id.img.susercontent.com/file/sg-11134201-823os-mp1v3w5xmvwsc4,data/images/253449367_43881429204/img_0.jpg
253449367_56156240734,Leis Slippers Black - Nappa Milano - Sandal Unisex,https://shopee.co.id/Leis-Slippers-Black-Nappa-Milano-Sandal-Unisex-i.253449367.56156240734,969000.0,0,"{""36"": 0, ""37"": 0, ""38"": 2, ""39"": 2, ""40"": 0, ""41"": 0, ""42"": 0, ""43"": 0, ""44"": 0, ""45"": 0}","38, 39",Sepatu Pria > Sandal > Sandal Slide,NAPPA MILANO,Indonesia,Slide,Suede,KAB. TANGERANG,5.0,20,42,"Designed with a closed-toe silhouette for a clean, structured look. LEIS Slippers feature a soft suede leather upper with an adjustable buckle detail for a secure fit. The lambskin insole adds a smooth, cushioned feel, while the lightweight EVA rubber outsole provides flexibility and everyday durability. A relaxed design that balances coverage, comfort, and ease.
Materials:
- Upper: Suede Leather
- Insole: Lamb skin
- Outsole: EVA Rubber
- Construction: Cemented",https://down-id.img.susercontent.com/file/sg-11134201-8260l-mkrqgveeh9fkd5_tn,data/images/253449367_56156240734/img_0.jpg
253449367_49061672271,Gail Dainty Brown,https://shopee.co.id/Gail-Dainty-Brown-i.253449367.49061672271,719000.0,0,"{""36"": 0, ""37"": 23, ""38"": 23, ""39"": 23, ""40"": 23}","37, 38, 39, 40",Sepatu Wanita > Sepatu Flat > Rounded Toe Flats,NAPPA MILANO,,,"Kulit, Lainnya",KAB. TANGERANG,,,2,"Gail Dainty introduces a softer side of Gail — combining feminine details with the comfort and ease of an everyday sneaker. Designed with a lightweight feel, soft elastic finishing, and delicate lace accents, the silhouette brings a playful yet effortless touch to daily wear. Easy to style and comfortable to move in, Gail Dainty is made for girls who love the comfort sneakers bring, but with a softer, more feminine touch.
Materials:
- Upper: Suede Leather & Nylon
- Lining: Textile
- Outsole: Lightweight Rubber
- Construction: Cementing",https://down-id.img.susercontent.com/file/sg-11134201-823p5-mp1v3ls6y13hfb,data/images/253449367_49061672271/img_0.jpg
253449367_15990735503,Noir Penny Loafers - Nappa Milano - Sepatu Kulit Pria,https://shopee.co.id/Noir-Penny-Loafers-Nappa-Milano-Sepatu-Kulit-Pria-i.253449367.15990735503,709000.0,0,"{""39"": 0, ""40"": 0, ""41"": 0, ""42"": 7, ""43"": 0, ""44"": 0, ""45"": 0}",42,Sepatu Pria > Sepatu Formal > Loafer,NAPPA MILANO,Indonesia,,Kulit,KAB. TANGERANG,4.9,831,2RB+,"For packaging protection, please add bubble wrap to your order (will add 1 kg to your total order weight)
https://shopee.co.id/product/253449367/22320248351/
Clean and smart craftsmanship with easy slip-on style. This All-black pair represents the concept of minimalism and simplicity but still putting forward the essence of formal classic. Noir Penny Loafers, your go-to shoes for day and night.
Material: Brush Off Leather
Lining: Lambskin
Outsole: Fiber Rubber
Construction: Cementing with Stitched Outsole",https://down-id.img.susercontent.com/file/sg-11134201-7rbmg-lmvsxyuhkogg42,data/images/253449367_15990735503/img_0.jpg
253449367_45202300917,Luther Penny Maroon - Nappa Milano - Sepatu Kulit Pria,https://shopee.co.id/Luther-Penny-Maroon-Nappa-Milano-Sepatu-Kulit-Pria-i.253449367.45202300917,749000.0,0,"{""39"": 0, ""40"": 0, ""41"": 0, ""42"": 0, ""43"": 0, ""44"": 14, ""45"": 14, ""46"": 0}","44, 45",Sepatu Pria > Sepatu Formal > Loafer,NAPPA MILANO,Indonesia,,Kulit,KAB. TANGERANG,4.9,56,185,"Meet the Luther Penny, an easy, polished loafer made for everyday wear. Crafted from soft Nappa leather and lined with smooth garment leather, it feels as good as it looks. The lightweight rubber sole keeps you comfortable on the move.
Easy to wear and easy to style, Luther Penny is available in Black, Brown, and Maroon. Luther effortlessly enhances your overall look, combining prestige with timeless appeal—the perfect choice for days when you want to look sharp without trying too hard.
Materials:
- Upper: Nappa leather
- Lining: Garment
- Outsole: Lightweight Rubber
- Construction: Cementing",https://down-id.img.susercontent.com/file/sg-11134201-82267-mhlz12ogy0oy0d,data/images/253449367_45202300917/img_0.jpg
253449367_23357387287,Roland Mules Brown Nappa Milano - Kulit Suede Nyaman,https://shopee.co.id/Roland-Mules-Brown-Nappa-Milano-Kulit-Suede-Nyaman-i.253449367.23357387287,829000.0,0,"{""39"": 1, ""40"": 0, ""41"": 0, ""42"": 0, ""43"": 0, ""44"": 0, ""45"": 0}",39,Sepatu Pria > Sandal > Sandal Slide,NAPPA MILANO,Indonesia,,Kulit,KAB. TANGERANG,4.9,7,19,"For packaging protection, please add bubble wrap to your order (will add 1 kg to your total order weight)
https://shopee.co.id/product/253449367/22320248351/
Roland is a practical mule that offers you a combination of comfort and style. The fishermen-inspired upper, the trendy outsole and the backless design made Roland edged towards dandy yet with a touch of easiness and a homespun look. With brown and grey colour choices, you can pair them for any look. Let's Stroll Around with Roland!
Upper: Hairy Suede & Lambskin
Lining: Soft Garment
Outsole: EVA Rubber",https://down-id.img.susercontent.com/file/sg-11134201-7rbmi-lmoct20cv0ud6d,data/images/253449367_23357387287/img_0.jpg
253449367_44503829359,Lacy Ballet Flats Orange - Nappa Milano - Sepatu Flat Wanita,https://shopee.co.id/Lacy-Ballet-Flats-Orange-Nappa-Milano-Sepatu-Flat-Wanita-i.253449367.44503829359,839000.0,0,"{""36"": 19, ""37"": 19, ""38"": 19, ""39"": 0, ""40"": 19, ""41"": 0}","36, 37, 38, 40",Sepatu Wanita > Sepatu Flat > Rounded Toe Flats,NAPPA MILANO,,,Kulit,KAB. TANGERANG,5.0,11,31,"A soft and feminine take on the classic ballet flat. Designed with an elastic strap for a touch of charm and a secure fit, the Lacy Ballet Flats add effortless elegance to your everyday looks — from casual strolls to dressier moments. Now available in three new colorways: baby blue, blush, and orange.
Materials:
- Upper: Lamb Skin
- Lining: Textile
- Outsole: Lightweight Rubber
- Construction: Cementing",https://down-id.img.susercontent.com/file/sg-11134201-81zum-mir34w3nyknc54_tn,data/images/253449367_44503829359/img_0.jpg
253449367_50460946264,Luther Penny White Black - Nappa Milano - Sepatu Kulit Pria,https://shopee.co.id/Luther-Penny-White-Black-Nappa-Milano-Sepatu-Kulit-Pria-i.253449367.50460946264,1019000.0,0,"{""39"": 0, ""40"": 26, ""41"": 0, ""42"": 26, ""43"": 26, ""44"": 26, ""45"": 26, ""46"": 26}","40, 42, 43, 44, 45, 46",Sepatu Pria > Sepatu Formal > Loafer,NAPPA MILANO,Indonesia,loafers,Kulit,KAB. TANGERANG,5.0,7,35,"Meet the Luther Penny, an easy, polished loafer made for everyday wear. Crafted from soft Nappa leather and lined with smooth garment leather, it feels as good as it looks. The lightweight rubber sole keeps you comfortable on the move. Luther effortlessly enhances your overall look, combining prestige with timeless appeal—the perfect choice for days when you want to look sharp without trying too hard.
Discover Luther’s three new colorways, Green, Brown Suede, and Black-White, colors that offer a slightly bolder expression but remain timeless and elegant.
Materials:
- Upper: Nappa leather
- Lining: Garment
- Outsole: Lightweight Rubber
- Construction: Cementing",https://down-id.img.susercontent.com/file/sg-11134201-823rr-moj644p0dptt19_tn,data/images/253449367_50460946264/img_0.jpg
253449367_56561651076,Gail Dainty Red,https://shopee.co.id/Gail-Dainty-Red-i.253449367.56561651076,709000.0,0,"{""36"": 36, ""37"": 36, ""38"": 36, ""39"": 36, ""40"": 36}","36, 37, 38, 39, 40",Sepatu Pria > Sepatu Formal > Loafer,NAPPA MILANO,,,,KAB. TANGERANG,,,2,"Gail Dainty introduces a softer side of Gail — combining feminine details with the comfort and ease of an everyday sneaker. Designed with a lightweight feel, soft elastic finishing, and delicate lace accents, the silhouette brings a playful yet effortless touch to daily wear. Easy to style and comfortable to move in, Gail Dainty is made for girls who love the comfort sneakers bring, but with a softer, more feminine touch.
Materials:
- Upper: Suede Leather & Nylon
- Lining: Textile
- Outsole: Lightweight Rubber
- Construction: Cementing",https://down-id.img.susercontent.com/file/sg-11134201-823pe-mp1v7934vaps16,data/images/253449367_56561651076/img_0.jpg
253449367_52853818157,Lacy Ballet Flats Blush - Nappa Milano - Sepatu Flat Wanita,https://shopee.co.id/Lacy-Ballet-Flats-Blush-Nappa-Milano-Sepatu-Flat-Wanita-i.253449367.52853818157,1049000.0,0,"{""36"": 25, ""37"": 25, ""38"": 25, ""39"": 25, ""40"": 25, ""41"": 0}","36, 37, 38, 39, 40",Sepatu Wanita > Sepatu Flat > Rounded Toe Flats,NAPPA MILANO,,,Kulit,KAB. TANGERANG,5.0,7,29,"A soft and feminine take on the classic ballet flat. Designed with an elastic strap for a touch of charm and a secure fit, the Lacy Ballet Flats add effortless elegance to your everyday looks — from casual strolls to dressier moments. Available in: White, Black, Red, and Silver.
Materials:
- Upper: Lamb Skin
- Lining: Textile
- Outsole: Lightweight Rubber
- Construction: Cementing",https://down-id.img.susercontent.com/file/sg-11134201-81zw9-mir31r8wm7lw08_tn,data/images/253449367_52853818157/img_0.jpg
253449367_43504264612,Rene Split Olive,https://shopee.co.id/Rene-Split-Olive-i.253449367.43504264612,819000.0,0,"{""36"": 0, ""37"": 0, ""38"": 0, ""39"": 0, ""40"": 0}","36, 37, 38, 39, 40","Sepatu Wanita > Slip Ons, Mary Janes & Mules",NAPPA MILANO,,,,KAB. TANGERANG,4.9,33,146,"Materials:
- Upper: Nappa Leather
- Lining: Textile
- Outsole: Lightweight Rubber
- Construction: Cementing",https://down-id.img.susercontent.com/file/sg-11134201-7rauy-mawim99fm489a1,data/images/253449367_43504264612/img_0.jpg
253449367_50253809086,Lacy Ballet Flats Baby Blue - Nappa Milano - Sepatu Flat Wanita,https://shopee.co.id/Lacy-Ballet-Flats-Baby-Blue-Nappa-Milano-Sepatu-Flat-Wanita-i.253449367.50253809086,1039000.0,0,"{""36"": 0, ""37"": 0, ""38"": 1, ""39"": 0, ""40"": 0, ""41"": 0}",38,Sepatu Wanita > Sepatu Flat > Rounded Toe Flats,NAPPA MILANO,Indonesia,,"Kulit, Lainnya, Sintetis, pu, tekstil",KAB. TANGERANG,5.0,12,40,"A soft and feminine take on the classic ballet flat. Designed with an elastic strap for a touch of charm and a secure fit, the Lacy Ballet Flats add effortless elegance to your everyday looks — from casual strolls to dressier moments. Now available in three new colorways: baby blue, blush, and orange.
Materials:
- Upper: Lamb Skin
- Lining: Textile
- Outsole: Lightweight Rubber
- Construction: Cementing",https://down-id.img.susercontent.com/file/sg-11134201-81zw7-mir2yn8q7w1s6b_tn,data/images/253449367_50253809086/img_0.jpg
253449367_26879182599,Damian Monkstrap Brown - Nappa Milano - Sepatu Formal Pria,https://shopee.co.id/Damian-Monkstrap-Brown-Nappa-Milano-Sepatu-Formal-Pria-i.253449367.26879182599,959000.0,0,"{""39"": 25, ""40"": 25, ""41"": 25, ""42"": 25, ""43"": 25, ""44"": 0, ""45"": 0}","39, 40, 41, 42, 43",Sepatu Pria > Sepatu Formal > Oxford,NAPPA MILANO,Indonesia,Elegant,Kulit,KAB. TANGERANG,5.0,16,65,"Materials:
- Upper: Nappa Leather
- Lining: Garment
- Outsole: Lightweight Rubber
- Construction: Cementing",https://down-id.img.susercontent.com/file/id-11134207-7rbk4-m7fy03xbyscm93,data/images/253449367_26879182599/img_0.jpg
253449367_51706236086,Leis Double Straps Black - Nappa Milano - Sandal Unisex,https://shopee.co.id/Leis-Double-Straps-Black-Nappa-Milano-Sandal-Unisex-i.253449367.51706236086,839000.0,0,"{""36"": 1, ""37"": 0, ""38"": 0, ""39"": 0, ""40"": 0, ""41"": 0, ""42"": 0, ""43"": 0, ""44"": 0, ""45"": 0}",36,Sepatu Pria > Sandal > Sandal Slide,NAPPA MILANO,Indonesia,Slide,Suede,KAB. TANGERANG,4.9,14,36,"Defined by its double-strap construction for added support and balance. LEIS Double Strap sandals use suede leather and adjustable buckle straps to create a secure yet open fit. The lambskin insole offers comfort for extended wear, while the EVA rubber outsole keeps the sandal lightweight and flexible. Designed for stability without sacrificing a relaxed, casual look.
Materials:
- Upper: Suede Leather
- Insole: Lamb skin
- Outsole: EVA Rubber
- Construction: Cemented",https://down-id.img.susercontent.com/file/sg-11134201-8262e-mkrq5141q0w560_tn,data/images/253449367_51706236086/img_0.jpg
253449367_24769732770,Luz Triple Strap Black - Nappa Milano - Sandal Pria,https://shopee.co.id/Luz-Triple-Strap-Black-Nappa-Milano-Sandal-Pria-i.253449367.24769732770,979000.0,0,"{""39"": 0, ""40"": 0, ""41"": 24, ""42"": 24, ""43"": 24, ""44"": 0, ""45"": 0}","41, 42, 43",Sepatu Pria > Sandal > Sandal Slide,-,,,,KAB. TANGERANG,4.8,117,285,"This pair is heaven-made! Easy slide-on pair with three upper straps and cushy lining. Its injected sole offers an extreme comfort for long wearing.
Masterly crafted using Brush-off Leather which allows a glossy and vivid color pay-off!
Available in Black and Maroon colour.
Material: Brush-off Leather
Lining: Soft Garment
Outsole: Lightweight Rubber
Construction: Cementing",https://down-id.img.susercontent.com/file/sg-11134201-7rceo-lt1x4qjklydxaf,data/images/253449367_24769732770/img_0.jpg
253449367_53851386133,Rene Bare Flats Wine - Nappa Milano - Sepatu Kulit Wanita,https://shopee.co.id/Rene-Bare-Flats-Wine-Nappa-Milano-Sepatu-Kulit-Wanita-i.253449367.53851386133,869000.0,0,"{""36"": 38, ""37"": 38, ""38"": 38, ""39"": 38, ""40"": 38}","36, 37, 38, 39, 40",Sepatu Wanita > Sepatu Flat > Pointed Flats,NAPPA MILANO,Indonesia,,Kulit,KAB. TANGERANG,5.0,9,36,"Designed to feel like a second skin, the Rene Bare Flats offer ultra-minimalist style with all-day comfort. Made from soft suede with a barely-there silhouette, this pair hugs your feet gently while giving just enough structure with its clean front seam and elegant dip at the vamp. Light, easy, and versatile—perfect for those who love the feeling of less. Available in color cream, tan, brown, moss, and wine.
Materials:
- Upper: Suede Leather
- Lining: Textile
- Outsole: Lightweight Rubber
- Construction: Cementing",https://down-id.img.susercontent.com/file/sg-11134201-821gg-mh1co4rjby1b73_tn,data/images/253449367_53851386133/img_0.jpg
253449367_27724974843,Conrad Penny Coffee - Nappa Milano - Sepatu Formal Pria,https://shopee.co.id/Conrad-Penny-Coffee-Nappa-Milano-Sepatu-Formal-Pria-i.253449367.27724974843,699000.0,0,"{""39"": 0, ""40"": 0, ""41"": 0, ""42"": 0, ""43"": 18, ""44"": 18, ""45"": 18}","43, 44, 45",Sepatu Pria > Sepatu Formal > Loafer,NAPPA MILANO,Indonesia,,Kulit,KAB. TANGERANG,5.0,38,132,"Refined and versatile, Conrad Penny is the epitome of understated elegance. Crafted from premium vegetable-tanned leather with a sleek, hand-painted finish, they offer a timeless silhouette suitable for any occasion. The leather upper ensures durability, while the cushioned interior provides all-day comfort.
Upper: Hand-painted Vegetable-Tanned Leather
Outsole: Lightweight EVA Rubber
Lining: Soft Garment Leather",https://down-id.img.susercontent.com/file/sg-11134201-7rbn5-m5sgj1ikpegk44_tn,data/images/253449367_27724974843/img_0.jpg
253449367_28812779182,Casa Double Straps - Nappa Milano - Sandal Unisex,https://shopee.co.id/Casa-Double-Straps-Nappa-Milano-Sandal-Unisex-i.253449367.28812779182,799000.0,0,"{""S (38-39)"": 0, ""M (40-41)"": 2, ""L (42-43)"": 0, ""XL (44-45)"": 0}",M (40-41),Sepatu Pria > Sandal > Sandal Slide,NAPPA MILANO,Indonesia,Slide,Kulit,KAB. TANGERANG,4.8,95,267,"For packaging protection, please add bubble wrap to your order (will add 1 kg to your total order weight)
https://shopee.co.id/product/253449367/22320248351/
Casa Double Straps are designed for everyday wear and can effortlessly take your style everywhere you go. This timeless footwear is made from supple, smooth lambskin leather and features a comfortable, chic double strap that creates a modern look. Whether you're out and about, Casa will make you feel at home.
Materials:
- Upper: Lambskin
- Lining: Lambskin
- Insole & Outsole: Lightweight Unit Sole
- Construction: Cemented",https://down-id.img.susercontent.com/file/sg-11134201-7rdyj-m0sf2cbe5h7pe5_tn,data/images/253449367_28812779182/img_0.jpg
253449367_24119261216,Lux Fisherman Maroon - Nappa Milano - Sandal Unisex,https://shopee.co.id/Lux-Fisherman-Maroon-Nappa-Milano-Sandal-Unisex-i.253449367.24119261216,969000.0,0,"{""36"": 0, ""37"": 0, ""38"": 35, ""39"": 0, ""40"": 35, ""41"": 35, ""42"": 35, ""43"": 35, ""44"": 35, ""45"": 0}","38, 40, 41, 42, 43, 44",Sepatu Pria > Sandal > Sandal Slide,NAPPA MILANO,Indonesia,Tali,,KAB. TANGERANG,4.9,76,211,"A unisex and effortless slide-on shoe with an upper inspired by traditional fishermen’s footwear. Its backless design, cushy sole, and adjustable buckle strap make this pair both stylish and practical—classy, easy, and comfy in one go! Available in black and maroon.
Materials:
Upper: Box Leather
Lining: Soft Garment
Outsole: IU Rubber
Construction: Cemented",https://down-id.img.susercontent.com/file/sg-11134201-7rcdd-lswltvqli6tta4,data/images/253449367_24119261216/img_0.jpg
253449367_44411864063,Rene Bare Flats Brown - Nappa Milano - Sepatu Kulit Wanita,https://shopee.co.id/Rene-Bare-Flats-Brown-Nappa-Milano-Sepatu-Kulit-Wanita-i.253449367.44411864063,909000.0,0,"{""36"": 0, ""37"": 0, ""38"": 0, ""39"": 0, ""40"": 0}","36, 37, 38, 39, 40",Sepatu Wanita > Sepatu Flat > Rounded Toe Flats,NAPPA MILANO,Indonesia,,,KAB. TANGERANG,4.8,20,68,"Designed to feel like a second skin, the Rene Bare Flats offer ultra-minimalist style with all-day comfort. Made from soft suede with a barely-there silhouette, this pair hugs your feet gently while giving just enough structure with its clean front seam and elegant dip at the vamp. Light, easy, and versatile—perfect for those who love the feeling of less. Available in Cream, Tan, and Brown
Materials:
- Upper: Suede Leather
- Lining: Textile
- Outsole: Lightweight Rubber
- Construction: Cementing",https://down-id.img.susercontent.com/file/sg-11134201-7rdyc-md4i2b4bwu2kf7_tn,data/images/253449367_44411864063/img_0.jpg
253449367_24603261628,Juno Slippers Black- Nappa Milano - Sandal Unisex,https://shopee.co.id/Juno-Slippers-Black-Nappa-Milano-Sandal-Unisex-i.253449367.24603261628,869000.0,0,"{""36"": 28, ""37"": 28, ""38"": 28, ""39"": 28, ""40"": 0, ""41"": 0, ""42"": 0, ""43"": 0, ""44"": 0, ""45"": 0}","36, 37, 38, 39",Sepatu Pria > Sandal > Sandal Slide,NAPPA MILANO,Indonesia,,Kulit,KAB. TANGERANG,4.9,375,990,"For packaging protection, please add bubble wrap to your order (will add 1 kg to your total order weight)
https://shopee.co.id/product/253449367/22320248351/
Juno Slippers is a versatile clog-style slipper with an adjustable metal pin buckle. Easy on and easy off, Juno is comfortable and practical. Along with the selection of adorable colours, black, brown, maroon, mustard and olive, you can feel comfort and ease while enhancing your whole look. Don't believe us? Try it for yourself! With Juno, You Know.
Upper: Nappa Leather
Insole: Soft Garment
Outsole: EVA Rubber
Construction: Cemented",https://down-id.img.susercontent.com/file/sg-11134201-7rdw7-lxi2jwck70cm19,data/images/253449367_24603261628/img_0.jpg
253449367_19889708207,Quinn Penny Black- Nappa Milano - Sepatu Unisex,https://shopee.co.id/Quinn-Penny-Black-Nappa-Milano-Sepatu-Unisex-i.253449367.19889708207,789000.0,0,"{""36"": 0, ""37"": 0, ""38"": 0, ""39"": 0, ""40"": 0, ""41"": 0, ""42"": 0, ""43"": 0, ""44"": 7, ""45"": 0, ""47"": 0, ""46"": 0}",44,Sepatu Pria > Sepatu Formal > Loafer,NAPPA MILANO,Indonesia,,Kulit,KAB. TANGERANG,4.9,519,1RB+,"For packaging protection, please add bubble wrap to your order (will add 1 kg to your total order weight)
https://shopee.co.id/product/253449367/22320248351/
Like the rest of the penny loafers collection, Quinn Penny is a classic loafer with a slip-on design that provides elegance and comfort. Yet, unlike the rest, Quinn is unique with its chic gold-tone coin detail—a nod to the OG penny loafer in the 1930s. Available in black, brown, maroon and frost white colours with different upper materials for each colour.
Materials:
- Upper: Nappa Leather & Non-detachable gold-tone coin.
- Lining: Lamb Skin Lining
- Outsole: EVA Rubber",https://down-id.img.susercontent.com/file/sg-11134201-824hw-me8h93vny39e9c,data/images/253449367_19889708207/img_0.jpg
253449367_57456236036,Leis Slides Beige - Nappa Milano - Sandal Unisex,https://shopee.co.id/Leis-Slides-Beige-Nappa-Milano-Sandal-Unisex-i.253449367.57456236036,829000.0,0,"{""36"": 0, ""37"": 0, ""38"": 2, ""39"": 0, ""40"": 0, ""41"": 0, ""42"": 0, ""43"": 0, ""44"": 0, ""45"": 0}",38,Sepatu Pria > Sandal > Sandal Slide,NAPPA MILANO,,,Suede,KAB. TANGERANG,5.0,7,29,"Built for easy wear with a unique yet minimal shape. LEIS Slides feature a wide suede leather upper that offers coverage and a relaxed fit. The lambskin insole delivers softness and comfort, while the lightweight EVA rubber outsole ensures flexibility and support. Designed for effortless on-and-off wear with a clean, modern look.
Materials:
- Upper: Suede Leather
- Insole: Lamb skin
- Outsole: EVA Rubber
- Construction: Cemented",https://down-id.img.susercontent.com/file/sg-11134201-825zw-mkrq0aobz9xfce_tn,data/images/253449367_57456236036/img_0.jpg
253449367_25969258058,Lux Fisherman Black - Nappa Milano - Sandal Unisex,https://shopee.co.id/Lux-Fisherman-Black-Nappa-Milano-Sandal-Unisex-i.253449367.25969258058,909000.0,0,"{""36"": 27, ""37"": 27, ""38"": 27, ""39"": 27, ""40"": 27, ""41"": 27, ""42"": 0, ""43"": 0, ""44"": 27, ""45"": 0}","36, 37, 38, 39, 40, 41, 44",Sepatu Pria > Sandal > Sandal Slide,NAPPA MILANO,Indonesia,Tali,Kulit,KAB. TANGERANG,4.7,62,171,"A unisex and effortless slide-on shoe with an upper inspired by traditional fishermen’s footwear. Its backless design, cushy sole, and adjustable buckle strap make this pair both stylish and practical—classy, easy, and comfy in one go! Available in black and maroon.
Materials:
Upper: Nappa Leather
Lining: Soft Garment
Outsole: IU Rubber
Construction: Cemented",https://down-id.img.susercontent.com/file/sg-11134201-7rcen-lswlt27copuz5b,data/images/253449367_25969258058/img_0.jpg
253449367_29024983978,Conrad Penny Black - Nappa Milano - Sepatu Formal Pria,https://shopee.co.id/Conrad-Penny-Black-Nappa-Milano-Sepatu-Formal-Pria-i.253449367.29024983978,759000.0,0,"{""39"": 0, ""40"": 0, ""41"": 0, ""42"": 0, ""43"": 10, ""44"": 0, ""45"": 10}","43, 45",Sepatu Pria > Sepatu Formal > Loafer,NAPPA MILANO,Indonesia,,Kulit,KAB. TANGERANG,4.9,37,135,"Refined and versatile, Conrad Penny is the epitome of understated elegance. Crafted from premium vegetable-tanned leather with a sleek, hand-painted finish, they offer a timeless silhouette suitable for any occasion. The leather upper ensures durability, while the cushioned interior provides all-day comfort.
Upper: Hand-painted Vegetable-Tanned Leather
Outsole: Lightweight EVA Rubber
Lining: Soft Garment Leather",https://down-id.img.susercontent.com/file/sg-11134201-7rblk-m5sgifb78n9c28_tn,data/images/253449367_29024983978/img_0.jpg
253449367_15990735503,Noir Penny Loafers - Nappa Milano - Sepatu Kulit Pria,https://shopee.co.id/Noir-Penny-Loafers-Nappa-Milano-Sepatu-Kulit-Pria-i.253449367.15990735503,839000.0,0,"{""39"": 0, ""40"": 0, ""41"": 0, ""42"": 6, ""43"": 0, ""44"": 0, ""45"": 0}",42,Sepatu Pria > Sepatu Formal > Loafer,NAPPA MILANO,Indonesia,,Kulit,KAB. TANGERANG,4.9,831,2RB+,"For packaging protection, please add bubble wrap to your order (will add 1 kg to your total order weight)
https://shopee.co.id/product/253449367/22320248351/
Clean and smart craftsmanship with easy slip-on style. This All-black pair represents the concept of minimalism and simplicity but still putting forward the essence of formal classic. Noir Penny Loafers, your go-to shoes for day and night.
Material: Brush Off Leather
Lining: Lambskin
Outsole: Fiber Rubber
Construction: Cementing with Stitched Outsole",https://down-id.img.susercontent.com/file/sg-11134201-7rbmg-lmvsxyuhkogg42,data/images/253449367_15990735503/img_0.jpg
253449367_52853818157,Lacy Ballet Flats Blush - Nappa Milano - Sepatu Flat Wanita,https://shopee.co.id/Lacy-Ballet-Flats-Blush-Nappa-Milano-Sepatu-Flat-Wanita-i.253449367.52853818157,749000.0,0,"{""36"": 25, ""37"": 25, ""38"": 25, ""39"": 25, ""40"": 25, ""41"": 0}","36, 37, 38, 39, 40",Sepatu Wanita > Sepatu Flat > Rounded Toe Flats,NAPPA MILANO,,,Kulit,KAB. TANGERANG,5.0,7,29,"A soft and feminine take on the classic ballet flat. Designed with an elastic strap for a touch of charm and a secure fit, the Lacy Ballet Flats add effortless elegance to your everyday looks — from casual strolls to dressier moments. Available in: White, Black, Red, and Silver.
Materials:
- Upper: Lamb Skin
- Lining: Textile
- Outsole: Lightweight Rubber
- Construction: Cementing",https://down-id.img.susercontent.com/file/sg-11134201-81zw9-mir31r8wm7lw08_tn,data/images/253449367_52853818157/img_0.jpg
253449367_5743960173,Blake Penny Loafers Black - Nappa Milano - Sepatu Pria,https://shopee.co.id/Blake-Penny-Loafers-Black-Nappa-Milano-Sepatu-Pria-i.253449367.5743960173,939000.0,0,"{""Size 39"": 0, ""Size 40"": 0, ""Size 41"": 0, ""Size 42"": 0, ""Size 43"": 0, ""Size 44"": 27, ""Size 45"": 27, ""Size 46"": 0, ""Size 47"": 0, ""Size 48"": 0, ""Size 49"": 0}","Size 44, Size 45",Sepatu Pria > Sepatu Formal > Loafer,NAPPA MILANO,Indonesia,,Kulit,KAB. TANGERANG,4.9,"1,1RB",3RB+,"For packaging protection, please add bubble wrap to your order (will add 1 kg to your total order weight)
https://shopee.co.id/product/253449367/22320248351/
Clean and smart craftsmanship with easy slip-on style. This represents the concept of minimalism and simplicity but still putting forward the essence of formal classic. Blake Penny Loafers Black, your go-to shoes for day and night.
Material: Nappa Leather
Lining: Lambskin
Outsole: Fiber Rubber
Construction: Cementing with Stitched Outsole",https://down-id.img.susercontent.com/file/id-11134207-7rask-m3g2q6h2cm7j90_tn,data/images/253449367_5743960173/img_0.jpg
253449367_56156240734,Leis Slippers Black - Nappa Milano - Sandal Unisex,https://shopee.co.id/Leis-Slippers-Black-Nappa-Milano-Sandal-Unisex-i.253449367.56156240734,759000.0,0,"{""36"": 0, ""37"": 0, ""38"": 2, ""39"": 2, ""40"": 0, ""41"": 0, ""42"": 0, ""43"": 0, ""44"": 0, ""45"": 0}","38, 39",Sepatu Pria > Sandal > Sandal Slide,NAPPA MILANO,Indonesia,Slide,Suede,KAB. TANGERANG,5.0,20,42,"Designed with a closed-toe silhouette for a clean, structured look. LEIS Slippers feature a soft suede leather upper with an adjustable buckle detail for a secure fit. The lambskin insole adds a smooth, cushioned feel, while the lightweight EVA rubber outsole provides flexibility and everyday durability. A relaxed design that balances coverage, comfort, and ease.
Materials:
- Upper: Suede Leather
- Insole: Lamb skin
- Outsole: EVA Rubber
- Construction: Cemented",https://down-id.img.susercontent.com/file/sg-11134201-8260l-mkrqgveeh9fkd5_tn,data/images/253449367_56156240734/img_0.jpg
253449367_27829178782,Damian Penny Black - Nappa Milano - Sepatu Formal Pria,https://shopee.co.id/Damian-Penny-Black-Nappa-Milano-Sepatu-Formal-Pria-i.253449367.27829178782,919000.0,0,"{""39"": 0, ""40"": 0, ""41"": 0, ""42"": 0, ""43"": 0, ""44"": 12, ""45"": 12, ""46"": 0}","44, 45",Sepatu Pria > Sepatu Formal > Oxford,NAPPA MILANO,Indonesia,Elegant,Kulit,KAB. TANGERANG,5.0,32,129,"Materials:
- Upper: Nappa Leather
- Lining: Garment
- Outsole: Lightweight Rubber
- Construction: Cementing",https://down-id.img.susercontent.com/file/id-11134207-7rbkd-m8zrax9oq3nm6b,data/images/253449367_27829178782/img_0.jpg
253449367_24791012372,Conrad Oxford Coffee - Nappa Milano - Sepatu Formal Pria,https://shopee.co.id/Conrad-Oxford-Coffee-Nappa-Milano-Sepatu-Formal-Pria-i.253449367.24791012372,919000.0,0,"{""39"": 0, ""40"": 0, ""41"": 0, ""42"": 0, ""43"": 7, ""44"": 0, ""45"": 0}",43,Sepatu Pria > Sepatu Formal > Oxford,NAPPA MILANO,Indonesia,Elegant,,KAB. TANGERANG,5.0,35,110,"CEK SIZE CHART DI FOTO TERAKHIR / PANDUAN UKURAN
Crafted from premium vegetable-tanned leather with a meticulous hand-painted finish, the timeless Conrad Oxford exudes effortless elegance. Whether it's your wedding day, an important meeting, or a stylish night out, this classic pair ensures you step out with confidence.
Upper: Hand-painted Vegetable-Tanned Leather
Outsole: Lightweight EVA Rubber
Lining: Soft Garment Leather",https://down-id.img.susercontent.com/file/id-11134207-7ra0n-mczwiv1xbiv0c2_tn,data/images/253449367_24791012372/img_0.jpg
253449367_26540599811,Gail Motion Green - Nappa Milano - Sepatu Sneakers Kulit Wanita,https://shopee.co.id/Gail-Motion-Green-Nappa-Milano-Sepatu-Sneakers-Kulit-Wanita-i.253449367.26540599811,859000.0,0,"{""36"": 0, ""37"": 0, ""38"": 0, ""39"": 0, ""40"": 0}","36, 37, 38, 39, 40",Sepatu Wanita > Sneakers,NAPPA MILANO,Indonesia,,,KAB. TANGERANG,5.0,53,130,"The Gail Motion reimagines our original Gail with a fresh mix of materials. While the original was crafted entirely in suede, the Gail Motion blends suede leather and nylon for the perfect balance of style and function.
With its flat sole and nylon material, the Gail Motion stays lightweight and durable—making it ideal for active days. Meanwhile, suede leather adds softness, luxury, and a chic finish that elevates any outfit.
Designed to move with you, the Gail Motion is versatile enough for everyday wear, casual styling, or even light workouts.
Materials:
- Upper: Suede Leather & Nylon
- Lining: Textile
- Outsole: Lightweight Rubber
- Construction: Cementing",https://down-id.img.susercontent.com/file/sg-11134201-824g3-mdzirh3gy1he6e_tn,data/images/253449367_26540599811/img_0.jpg
253449367_48501396408,Rene Bare Flats Moss - Nappa Milano - Sepatu Kulit Wanita,https://shopee.co.id/Rene-Bare-Flats-Moss-Nappa-Milano-Sepatu-Kulit-Wanita-i.253449367.48501396408,719000.0,0,"{""36"": 0, ""37"": 88, ""38"": 88, ""39"": 88, ""40"": 88}","37, 38, 39, 40",Sepatu Wanita > Sepatu Flat > Pointed Flats,NAPPA MILANO,,,Kulit,KAB. TANGERANG,5.0,17,64,"Designed to feel like a second skin, the Rene Bare Flats offer ultra-minimalist style with all-day comfort. Made from soft suede with a barely-there silhouette, this pair hugs your feet gently while giving just enough structure with its clean front seam and elegant dip at the vamp. Light, easy, and versatile—perfect for those who love the feeling of less. Available in Cream, Tan, and Brown
Materials:
- Upper: Suede Leather
- Lining: Textile
- Outsole: Lightweight Rubber
- Construction: Cementing",https://down-id.img.susercontent.com/file/sg-11134201-821dm-mh1cmsw42hah0d_tn,data/images/253449367_48501396408/img_0.jpg
253449367_57456236036,Leis Slides Beige - Nappa Milano - Sandal Unisex,https://shopee.co.id/Leis-Slides-Beige-Nappa-Milano-Sandal-Unisex-i.253449367.57456236036,989000.0,0,"{""36"": 0, ""37"": 0, ""38"": 2, ""39"": 0, ""40"": 0, ""41"": 0, ""42"": 0, ""43"": 0, ""44"": 0, ""45"": 0}",38,Sepatu Pria > Sandal > Sandal Slide,NAPPA MILANO,,,Suede,KAB. TANGERANG,5.0,7,29,"Built for easy wear with a unique yet minimal shape. LEIS Slides feature a wide suede leather upper that offers coverage and a relaxed fit. The lambskin insole delivers softness and comfort, while the lightweight EVA rubber outsole ensures flexibility and support. Designed for effortless on-and-off wear with a clean, modern look.
Materials:
- Upper: Suede Leather
- Insole: Lamb skin
- Outsole: EVA Rubber
- Construction: Cemented",https://down-id.img.susercontent.com/file/sg-11134201-825zw-mkrq0aobz9xfce_tn,data/images/253449367_57456236036/img_0.jpg
253449367_52452280798,Luther Penny Brown - Nappa Milano - Sepatu Kulit Pria,https://shopee.co.id/Luther-Penny-Brown-Nappa-Milano-Sepatu-Kulit-Pria-i.253449367.52452280798,1039000.0,0,"{""39"": 0, ""40"": 0, ""41"": 0, ""42"": 0, ""43"": 0, ""44"": 17, ""45"": 17, ""46"": 0}","44, 45",Sepatu Pria > Sepatu Formal > Loafer,NAPPA MILANO,Indonesia,loafers,Kulit,KAB. TANGERANG,5.0,81,273,"Meet the Luther Penny, an easy, polished loafer made for everyday wear. Crafted from soft Nappa leather and lined with smooth garment leather, it feels as good as it looks. The lightweight rubber sole keeps you comfortable on the move.
Easy to wear and easy to style, Luther Penny is available in Black, Brown, and Maroon. Luther effortlessly enhances your overall look, combining prestige with timeless appeal—the perfect choice for days when you want to look sharp without trying too hard.
Materials:
- Upper: Nappa leather
- Lining: Garment
- Outsole: Lightweight Rubber
- Construction: Cementing",https://down-id.img.susercontent.com/file/sg-11134201-8226e-mhlz1b39dbeocf,data/images/253449367_52452280798/img_0.jpg
253449367_28092687133,Lacy Classic Flats Black - Nappa Milano - Sepatu Flat Kulit Wanita,https://shopee.co.id/Lacy-Classic-Flats-Black-Nappa-Milano-Sepatu-Flat-Kulit-Wanita-i.253449367.28092687133,769000.0,0,"{""36"": 0, ""37"": 0, ""38"": 0, ""39"": 0, ""40"": 0, ""41"": 0}","36, 37, 38, 39, 40",Sepatu Wanita > Sepatu Flat > Rounded Toe Flats,NAPPA MILANO,,,Kulit,KAB. TANGERANG,4.9,26,99,"Timeless and versatile, the Lacy Classic Flats feature a clean, minimal silhouette that complements any outfit. Crafted for all-day comfort, they’re every lady go-to pair for a polished, easy look every day. Available in: Sage, Yellow, Black, and Brown.
Materials:
- Upper: Lamb Skin
- Lining: Textile
- Outsole: Lightweight Rubber
- Construction: Cementing",https://down-id.img.susercontent.com/file/sg-11134201-824g5-mfl49nbsasr3bf_tn,data/images/253449367_28092687133/img_0.jpg
253449367_22320248351,Extra Bubble Wrap,https://shopee.co.id/Extra-Bubble-Wrap-i.253449367.22320248351,939000.0,0,{},,Sepatu Pria > Aksesoris & Perawatan Sepatu > Aksesoris & Perawatan Sepatu lainnya,-,,,,KAB. TANGERANG,4.9,463,1RB+,"Please add the additional bubble wrap to your cart in favor of extra safe packaging.
*Note: Your package will have total weight of 2kgs with the shoes and extra bubble wraps.",https://down-id.img.susercontent.com/file/id-11134201-23020-bexet34qdunvf3,data/images/253449367_22320248351/img_0.jpg
253449367_40026921167,Gale Soccer Tan - Nappa Milano - Sepatu Sneakers Pria,https://shopee.co.id/Gale-Soccer-Tan-Nappa-Milano-Sepatu-Sneakers-Pria-i.253449367.40026921167,749000.0,0,"{""40"": 19, ""41"": 0, ""42"": 19, ""43"": 19, ""44"": 19, ""45"": 0}","40, 42, 43, 44",Sepatu Pria > Sneakers,NAPPA MILANO,,,,KAB. TANGERANG,5.0,12,30,"Gale Soccer draws inspiration from the silhouette of classic football footwear, bringing the spirit of the game into everyday life. Designed with flat soles and chosen materials for comfort outside the field, this pair offers soft textures that feel great from the very first step. Gale Soccer pairs well with any outfit, making it a must-have for anyone who craves a distinctive and stylish addition to their daily attire.
Materials:
- Upper: Nubuck leather & Lamb skin leather
- Lining: Lamb skin leather
- Outsole: Lightweight Rubber
- Construction: Cementing",https://down-id.img.susercontent.com/file/sg-11134201-82288-mhpvwlnm8mx45b,data/images/253449367_40026921167/img_0.jpg
253449367_42273232161,Lacy Classic Flats Brown - Nappa Milano - Sepatu Flat Kulit Wanita,https://shopee.co.id/Lacy-Classic-Flats-Brown-Nappa-Milano-Sepatu-Flat-Kulit-Wanita-i.253449367.42273232161,1049000.0,0,"{""36"": 0, ""37"": 0, ""38"": 0, ""39"": 0, ""40"": 0, ""41"": 0}","36, 37, 38, 39, 40",Sepatu Wanita > Sepatu Flat > Rounded Toe Flats,NAPPA MILANO,Indonesia,,,KAB. TANGERANG,5.0,29,109,"Timeless and versatile, the Lacy Classic Flats feature a clean, minimal silhouette that complements any outfit. Crafted for all-day comfort, they’re every lady go-to pair for a polished, easy look every day. Available in: Sage, Yellow, Black, and Brown.
Materials:
- Upper: Lamb Skin
- Lining: Textile
- Outsole: Lightweight Rubber
- Construction: Cementing",https://down-id.img.susercontent.com/file/sg-11134201-824hj-mfl45n72c1e199_tn,data/images/253449367_42273232161/img_0.jpg
253449367_43923232270,Lacy Ballet Flats White - Nappa Milano - Sepatu Flat Kulit Wanita,https://shopee.co.id/Lacy-Ballet-Flats-White-Nappa-Milano-Sepatu-Flat-Kulit-Wanita-i.253449367.43923232270,879000.0,0,"{""36"": 3, ""37"": 0, ""38"": 0, ""39"": 0, ""40"": 0, ""41"": 0}",36,Sepatu Wanita > Sepatu Flat > Rounded Toe Flats,NAPPA MILANO,Indonesia,,,KAB. TANGERANG,5.0,55,175,"A soft and feminine take on the classic ballet flat. Designed with an elastic strap for a touch of charm and a secure fit, the Lacy Ballet Flats add effortless elegance to your everyday looks — from casual strolls to dressier moments. Available in: White, Black, Red, and Silver.
Materials:
- Upper: Lamb Skin
- Lining: Textile
- Outsole: Lightweight Rubber
- Construction: Cementing",https://down-id.img.susercontent.com/file/sg-11134201-824if-mfl4vuwtorv0d7_tn,data/images/253449367_43923232270/img_0.jpg
253449367_24644751429,Gail Sneakers Blush - Nappa Milano - Sepatu Sneakers Flat Wanita,https://shopee.co.id/Gail-Sneakers-Blush-Nappa-Milano-Sepatu-Sneakers-Flat-Wanita-i.253449367.24644751429,929000.0,0,"{""36"": 1, ""37"": 0, ""38"": 0, ""39"": 0, ""40"": 0}",36,Sepatu Wanita > Sneakers,NAPPA MILANO,Indonesia,,,KAB. TANGERANG,5.0,57,116,"Meet Gail, Nappa Milano's first-ever women's sneaker—The Kicks for Every Chicks. Combining retro charm with modern comfort, Gail is designed for every step of your journey.
Features:
- Lightweight and flexible: Ideal for effortless movement and all-day wear.
- Cushioned insole: Provides exceptional comfort with every step.
- Subtle retro-inspired design: A timeless style with a modern twist.
- Versatile appeal: Suitable for any occasion, from running errands to evening outings.
- Available in four colors: Black, Brown, Blush, and Snow.
Materials:
- Upper: Suede Leather
- Lining: Textile
- Outsole: Lightweight Rubber
- Construction: Cementing",https://down-id.img.susercontent.com/file/sg-11134201-7rfgp-m95opxx8q2ehbe_tn,data/images/253449367_24644751429/img_0.jpg
253449367_7043955635,Blake Brogues Black - Nappa Milano - Sepatu Pria,https://shopee.co.id/Blake-Brogues-Black-Nappa-Milano-Sepatu-Pria-i.253449367.7043955635,1059000.0,0,"{""Size 39"": 0, ""Size 40"": 0, ""Size 41"": 7, ""Size 42"": 0, ""Size 43"": 0, ""Size 44"": 7, ""Size 45"": 0, ""Size 46"": 0, ""Size 47"": 0, ""Size 48"": 0, ""Size 49"": 0}","Size 41, Size 44",Sepatu Pria > Sepatu Formal > Oxford,NAPPA MILANO,Indonesia,,,KAB. TANGERANG,4.9,490,1RB+,"For packaging protection, please add bubble wrap to your order (will add 1 kg to your total order weight)
https://shopee.co.id/product/253449367/22320248351/
Clean and smart craftsmanship with easy slip-on style. This represents the concept of minimalism and simplicity but still putting forward the essence of formal classic. Blake Brogues Black, your go-to shoes for day and night.
Material: Nappa Leather
Lining: Lambskin
Outsole: Fiber Rubber
Construction: Cementing with Stitched Outsole",https://down-id.img.susercontent.com/file/id-11134207-7ras9-m3g2q6h2i8yie9,data/images/253449367_7043955635/img_0.jpg
253449367_19889708207,Quinn Penny Black- Nappa Milano - Sepatu Unisex,https://shopee.co.id/Quinn-Penny-Black-Nappa-Milano-Sepatu-Unisex-i.253449367.19889708207,819000.0,0,"{""36"": 0, ""37"": 0, ""38"": 0, ""39"": 0, ""40"": 0, ""41"": 0, ""42"": 0, ""43"": 0, ""44"": 7, ""45"": 0, ""47"": 0, ""46"": 0}",44,Sepatu Pria > Sepatu Formal > Loafer,NAPPA MILANO,Indonesia,,Kulit,KAB. TANGERANG,4.9,519,1RB+,"For packaging protection, please add bubble wrap to your order (will add 1 kg to your total order weight)
https://shopee.co.id/product/253449367/22320248351/
Like the rest of the penny loafers collection, Quinn Penny is a classic loafer with a slip-on design that provides elegance and comfort. Yet, unlike the rest, Quinn is unique with its chic gold-tone coin detail—a nod to the OG penny loafer in the 1930s. Available in black, brown, maroon and frost white colours with different upper materials for each colour.
Materials:
- Upper: Nappa Leather & Non-detachable gold-tone coin.
- Lining: Lamb Skin Lining
- Outsole: EVA Rubber",https://down-id.img.susercontent.com/file/sg-11134201-824hw-me8h93vny39e9c,data/images/253449367_19889708207/img_0.jpg
253449367_21530741456,Yuri Penny Maroon - Nappa Milano - Sandal Unisex,https://shopee.co.id/Yuri-Penny-Maroon-Nappa-Milano-Sandal-Unisex-i.253449367.21530741456,739000.0,0,"{""36"": 62, ""37"": 62, ""38"": 62, ""39"": 62, ""40"": 62, ""41"": 0, ""42"": 0, ""43"": 0, ""44"": 0, ""45"": 0}","36, 37, 38, 39, 40","Sepatu Wanita > Slip Ons, Mary Janes & Mules",NAPPA MILANO,Indonesia,,,KAB. TANGERANG,4.9,115,351,"Classic penny accent to top off the infamous slip-on pair. Designed for effortless use while still providing the put-togetherness. Finely crafted with real leather along with EVA Rubber outsole ensuring utmost comfort for your daily look. Available in two color ways—Black and Maroon.
Upper Material: Box Leather
Outsole: EVA Rubber",https://down-id.img.susercontent.com/file/sg-11134201-7rblx-lqkay7pj9zoe08,data/images/253449367_21530741456/img_0.jpg
253449367_57402386866,Gale Soccer Black - Nappa Milano - Sepatu Sneakers Pria,https://shopee.co.id/Gale-Soccer-Black-Nappa-Milano-Sepatu-Sneakers-Pria-i.253449367.57402386866,719000.0,0,"{""40"": 0, ""41"": 0, ""42"": 0, ""43"": 0, ""44"": 2, ""45"": 0}",44,Sepatu Pria > Sneakers,NAPPA MILANO,,,,KAB. TANGERANG,4.9,16,48,"Gale Soccer draws inspiration from the silhouette of classic football footwear, bringing the spirit of the game into everyday life. Designed with flat soles and chosen materials for comfort outside the field, this pair offers soft textures that feel great from the very first step. Gale Soccer pairs well with any outfit, making it a must-have for anyone who craves a distinctive and stylish addition to their daily attire.
Materials:
- Upper: Nubuck leather & Lamb skin leather
- Lining: Lamb skin leather
- Outsole: Lightweight Rubber
- Construction: Cementing",https://down-id.img.susercontent.com/file/sg-11134201-82274-mhpvvefca6mb3a,data/images/253449367_57402386866/img_0.jpg
253449367_40164312975,Rene Classic Flats Cream - Nappa Milano - Sepatu Flat Wanita,https://shopee.co.id/Rene-Classic-Flats-Cream-Nappa-Milano-Sepatu-Flat-Wanita-i.253449367.40164312975,839000.0,0,"{""36"": 0, ""37"": 0, ""38"": 0, ""39"": 0, ""40"": 0, ""41"": 0}","36, 37, 38, 39, 40, 41",Sepatu Wanita > Sepatu Flat > Pointed Flats,NAPPA MILANO,Indonesia,,Kulit,KAB. TANGERANG,5.0,23,76,"Clean, sleek, and versatile. The Rene Classic Flats feature a pointed-toe design that
pairs effortlessly with casual and formal looks. Its slip-on style ensures all-day ease.
Features:
-Sleek, pointed-toe design for a modern yet timeless look.
-Lightweight and comfortable for all-day wear
Materials:
- Upper: Nappa Leather
- Lining: Textile
- Outsole: Lightweight Rubber
- Construction: Cementing",https://down-id.img.susercontent.com/file/sg-11134201-7rdyh-mdodpbr7wtk417_tn,data/images/253449367_40164312975/img_0.jpg
253449367_24885823806,Conrad Roman Sandal Brown - Nappa Milano - Sandal Kulit Pria,https://shopee.co.id/Conrad-Roman-Sandal-Brown-Nappa-Milano-Sandal-Kulit-Pria-i.253449367.24885823806,879000.0,0,"{""39"": 58, ""40"": 58, ""41"": 58, ""42"": 58, ""43"": 58, ""44"": 58, ""45"": 58}","39, 40, 41, 42, 43, 44, 45",Sepatu Pria > Sandal > Sandal Jepit & Sandal Lainnya,NAPPA MILANO,Indonesia,,,KAB. TANGERANG,4.5,4,15,"For packaging protection, please add bubble wrap to your order (will add 1 kg to your total order weight)
https://shopee.co.id/product/253449367/22320248351/
The Conrad Roman is a slip-on inspired by ancient design. Features a woven strap pattern that channels the essence of ancient Roman and Middle-Eastern fashion and elegance.
Features:
Ancient Elegant Design: Featuring a woven-like pattern that displays an ethnic look and offers breathability. A breezier dress shoe. A non-sandal sandal, if you will.
Hand-Painted: Each pair is meticulously painted by skilled artisans to ensure exceptional quality and a perfect look.
Comfort Feeling: Equipped with a cushioned insole and breathable lining, ensuring all-day comfort.
Made with Vegetable Tanned Leather: The 'Vegetable' refers to the tanning process. This process uses natural tannins from tree bark. Vegetable tanning is one of the oldest methods known to man and is still used to this day. This process ensures the leather's durability and elegant look.
Experience an exquisite look and feel with Conrad Roman.
Materials:
- Upper: Hand-Painted Vegetable Tanned Leather
- Outsole: EVA Rubber
- Lining: Garment
- Construction: Cementing",https://down-id.img.susercontent.com/file/sg-11134201-7rdw5-lzybal24bsavdc_tn,data/images/253449367_24885823806/img_0.jpg
253449367_55405850814,Rue Jane Mousse - Nappa Milano - Sepatu Flat Sneakers Wanita,https://shopee.co.id/Rue-Jane-Mousse-Nappa-Milano-Sepatu-Flat-Sneakers-Wanita-i.253449367.55405850814,749000.0,0,"{""36"": 0, ""37"": 83, ""38"": 83, ""39"": 83, ""40"": 83, ""41"": 0, ""42"": 0}","37, 38, 39, 40",Sepatu Wanita > Sneakers,NAPPA MILANO,,,,KAB. TANGERANG,5.0,23,69,"A sneaker, a Mary Jane — a little bit of both.
Meet Rue Jane, the newest addition to the Rue family. Designed with the same sneakerina spirit you love, Rue Jane features a velcro strap that adds a refined, feminine touch while keeping every step comfortable and supported.
Rue Jane balances softness and structure for all-day wear. Wear them with socks for a playful look, or keep it minimal for a cleaner silhouette. Available in two colors: Cherry, a deep festive red. Mousse, a warm mocha-toned brown.
Materials:
- Upper: Nappa Leather, Suede Leather & Mesh Fabric
- Lining: Mesh Fabric
- Outsole: Cupsole Rubber
- Construction: Cemented",https://down-id.img.susercontent.com/file/sg-11134201-825zz-mkc5ix45xdl30f_tn,data/images/253449367_55405850814/img_0.jpg
253449367_18653759138,Blake Brogues Brown - Nappa Milano - Sepatu Pria,https://shopee.co.id/Blake-Brogues-Brown-Nappa-Milano-Sepatu-Pria-i.253449367.18653759138,839000.0,0,"{""39"": 0, ""40"": 0, ""41"": 0, ""42"": 2, ""43"": 2, ""44"": 0, ""45"": 0, ""46"": 0, ""47"": 0, ""48"": 0, ""49"": 0}","42, 43",Sepatu Pria > Sepatu Formal > Oxford,NAPPA MILANO,Indonesia,,,KAB. TANGERANG,4.8,118,270,"For packaging protection, please add bubble wrap to your order (will add 1 kg to your total order weight)
https://shopee.co.id/product/253449367/22320248351/
Clean and smart craftsmanship with easy slip-on style. This represents the concept of minimalism and simplicity but still putting forward the essence of formal classic. Blake Brogues Brown, your go-to shoes for day and night.
Material: Nappa Leather
Lining: Lambskin
Outsole: Fiber Rubber
Construction: Cementing with Stitched Outsole",https://down-id.img.susercontent.com/file/sg-11134201-7rcfd-lrikpdgxs03335,data/images/253449367_18653759138/img_0.jpg
253449367_44223223951,Lacy Ballet Flats Red - Nappa Milano - Sepatu Flat Kulit Wanita,https://shopee.co.id/Lacy-Ballet-Flats-Red-Nappa-Milano-Sepatu-Flat-Kulit-Wanita-i.253449367.44223223951,759000.0,0,"{""36"": 0, ""37"": 13, ""38"": 13, ""39"": 13, ""40"": 0, ""41"": 0}","37, 38, 39",Sepatu Wanita > Sepatu Flat > Rounded Toe Flats,NAPPA MILANO,Indonesia,,,KAB. TANGERANG,4.9,26,98,"A soft and feminine take on the classic ballet flat. Designed with an elastic strap for a touch of charm and a secure fit, the Lacy Ballet Flats add effortless elegance to your everyday looks — from casual strolls to dressier moments. Available in: White, Black, Red, and Silver.
Materials:
- Upper: Lamb Skin
- Lining: Textile
- Outsole: Lightweight Rubber
- Construction: Cementing",https://down-id.img.susercontent.com/file/sg-11134201-824hv-mfl4t55srkehd4_tn,data/images/253449367_44223223951/img_0.jpg
253449367_24266105427,Takiss Puff Lilac - Nappa Milano - Sepatu Mules Wanita,https://shopee.co.id/Takiss-Puff-Lilac-Nappa-Milano-Sepatu-Mules-Wanita-i.253449367.24266105427,939000.0,0,"{""36"": 6, ""37"": 6, ""38"": 6, ""39"": 0, ""40"": 0}","36, 37, 38","Sepatu Wanita > Slip Ons, Mary Janes & Mules",NAPPA MILANO,Indonesia,,,KAB. TANGERANG,4.0,3,12,"A flattering yet bold cushioned platform sandal made of puffer lambskin with a unique toe design, adjustable strap, and sling-back feature. Watch out for the charming heart-shaped buckle details and a chunky outsole that adds height and flair. Choose between black or lilac.
Upper: Puffer Lamb Skin
Lining: Soft Garment
Insole: EVA Insole
Outsole: Phylon Rubber
Construction: Cemented",https://down-id.img.susercontent.com/file/sg-11134201-7rcfb-lsgptsjsh65i6d,data/images/253449367_24266105427/img_0.jpg
253449367_43504264612,Rene Split Olive,https://shopee.co.id/Rene-Split-Olive-i.253449367.43504264612,869000.0,0,"{""36"": 0, ""37"": 0, ""38"": 0, ""39"": 0, ""40"": 0}","36, 37, 38, 39, 40","Sepatu Wanita > Slip Ons, Mary Janes & Mules",NAPPA MILANO,,,,KAB. TANGERANG,4.9,33,146,"Materials:
- Upper: Nappa Leather
- Lining: Textile
- Outsole: Lightweight Rubber
- Construction: Cementing",https://down-id.img.susercontent.com/file/sg-11134201-7rauy-mawim99fm489a1,data/images/253449367_43504264612/img_0.jpg
253449367_18930739469,Sam Penny Black - Nappa Milano - Sepatu Pria,https://shopee.co.id/Sam-Penny-Black-Nappa-Milano-Sepatu-Pria-i.253449367.18930739469,989000.0,0,"{""39"": 0, ""40"": 0, ""41"": 0, ""42"": 0, ""43"": 1, ""44"": 0, ""45"": 0}",43,Sepatu Pria > Sepatu Formal > Loafer,NAPPA MILANO,Indonesia,,Kulit,KAB. TANGERANG,4.9,363,989,"The Penny collection is the perfect combination of both elegances and effortless. The slick yet effortless design, undoubtedly comfort from their cushy sole, is an excellent addition to your sophisticated everyday companions. Choose either of their flattering colors, Black or Maroon.
Upper Material: Brush-Off Leather
Outsole: Lightweight Rubber
Insole: Injected Rubber
Construction: Cemented
Lining: Soft Garmen",https://down-id.img.susercontent.com/file/sg-11134201-7rblf-lqka2osw2q1yb2,data/images/253449367_18930739469/img_0.jpg
253449367_47552529580,Union Sneakers Black/White Nappa Leather Hybrid,https://shopee.co.id/Union-Sneakers-Black-White-Nappa-Leather-Hybrid-i.253449367.47552529580,929000.0,0,"{""41"": 26, ""42"": 26, ""43"": 26, ""44"": 26, ""45"": 26}","41, 42, 43, 44, 45",Sepatu Pria > Sneakers,NAPPA MILANO,,,,KAB. TANGERANG,4.0,1,7,"The Union Sneakers blend elements from iconic sneaker designs—creating a modern hybrid inspired by classic GAT heritage. Crafted with a mix of nappa leather, suede, and natural milling leather, they offer rich texture and timeless style.
A soft garment lining ensures comfort, while the lightweight rubber outsole provides flexibility and everyday ease. Finished with durable cementing construction, Union is designed for both style and longevity. Available in White Olive and Black White—your new go-to sneaker for elevated everyday wear.
Materials:
- Upper: Nappa leather, suede leather & natural milling leather
- Lining: Garment
- Outsole: Lightweight Rubber
- Construction: Cementing",https://down-id.img.susercontent.com/file/sg-11134201-8226i-mhstxch6ocn873,data/images/253449367_47552529580/img_0.jpg
253449367_26129184024,Damian Buckle Brown - Nappa Milano - Sepatu Kulit Pria,https://shopee.co.id/Damian-Buckle-Brown-Nappa-Milano-Sepatu-Kulit-Pria-i.253449367.26129184024,799000.0,0,"{""39"": 0, ""40"": 0, ""41"": 0, ""42"": 17, ""43"": 17, ""44"": 17, ""45"": 0}","42, 43, 44",Sepatu Pria > Sepatu Formal > Oxford,NAPPA MILANO,Indonesia,Elegant,Kulit,KAB. TANGERANG,5.0,23,70,"Materials:
- Upper: Nappa Leather
- Lining: Garment
- Outsole: Lightweight Rubber
- Construction: Cementing",https://down-id.img.susercontent.com/file/id-11134207-7rbk1-m7fy03x1mjme9d,data/images/253449367_26129184024/img_0.jpg
253449367_56561651076,Gail Dainty Red,https://shopee.co.id/Gail-Dainty-Red-i.253449367.56561651076,929000.0,0,"{""36"": 36, ""37"": 36, ""38"": 36, ""39"": 36, ""40"": 36}","36, 37, 38, 39, 40",Sepatu Pria > Sepatu Formal > Loafer,NAPPA MILANO,,,,KAB. TANGERANG,,,2,"Gail Dainty introduces a softer side of Gail — combining feminine details with the comfort and ease of an everyday sneaker. Designed with a lightweight feel, soft elastic finishing, and delicate lace accents, the silhouette brings a playful yet effortless touch to daily wear. Easy to style and comfortable to move in, Gail Dainty is made for girls who love the comfort sneakers bring, but with a softer, more feminine touch.
Materials:
- Upper: Suede Leather & Nylon
- Lining: Textile
- Outsole: Lightweight Rubber
- Construction: Cementing",https://down-id.img.susercontent.com/file/sg-11134201-823pe-mp1v7934vaps16,data/images/253449367_56561651076/img_0.jpg
253449367_53753809095,Lacy Classic Flats Maroon - Nappa Milano - Sepatu Flat Wanita,https://shopee.co.id/Lacy-Classic-Flats-Maroon-Nappa-Milano-Sepatu-Flat-Wanita-i.253449367.53753809095,919000.0,0,"{""36"": 31, ""37"": 31, ""38"": 31, ""39"": 31, ""40"": 31, ""41"": 0}","36, 37, 38, 39, 40",Sepatu Wanita > Sepatu Flat > Rounded Toe Flats,NAPPA MILANO,Indonesia,,,KAB. TANGERANG,4.9,19,68,"Timeless and versatile, the Lacy Classic Flats feature a clean, minimal silhouette that complements any outfit. Crafted for all-day comfort, they’re every lady go-to pair for a polished, easy look every day. Now available in three new colorways: beige, maroon, and tan.
Materials:
- Upper: Lamb Skin
- Lining: Textile
- Outsole: Lightweight Rubber
- Construction: Cementing",https://down-id.img.susercontent.com/file/sg-11134201-81zuq-mir32mck6tqeab_tn,data/images/253449367_53753809095/img_0.jpg
253449367_45202300917,Luther Penny Maroon - Nappa Milano - Sepatu Kulit Pria,https://shopee.co.id/Luther-Penny-Maroon-Nappa-Milano-Sepatu-Kulit-Pria-i.253449367.45202300917,829000.0,0,"{""39"": 0, ""40"": 0, ""41"": 0, ""42"": 0, ""43"": 0, ""44"": 14, ""45"": 14, ""46"": 0}","44, 45",Sepatu Pria > Sepatu Formal > Loafer,NAPPA MILANO,Indonesia,,Kulit,KAB. TANGERANG,4.9,56,185,"Meet the Luther Penny, an easy, polished loafer made for everyday wear. Crafted from soft Nappa leather and lined with smooth garment leather, it feels as good as it looks. The lightweight rubber sole keeps you comfortable on the move.
Easy to wear and easy to style, Luther Penny is available in Black, Brown, and Maroon. Luther effortlessly enhances your overall look, combining prestige with timeless appeal—the perfect choice for days when you want to look sharp without trying too hard.
Materials:
- Upper: Nappa leather
- Lining: Garment
- Outsole: Lightweight Rubber
- Construction: Cementing",https://down-id.img.susercontent.com/file/sg-11134201-82267-mhlz12ogy0oy0d,data/images/253449367_45202300917/img_0.jpg
253449367_42370570158,Piatta Belt Maroon - Nappa Milano - Sepatu Flat Wanita,https://shopee.co.id/Piatta-Belt-Maroon-Nappa-Milano-Sepatu-Flat-Wanita-i.253449367.42370570158,869000.0,0,"{""36"": 94, ""37"": 94, ""38"": 94, ""39"": 94, ""40"": 94, ""41"": 0, ""42"": 94}","36, 37, 38, 39, 40, 42",Sepatu Wanita > Sepatu Flat > Sepatu Flat Lainnya,NAPPA MILANO,Indonesia,,Kulit,KAB. TANGERANG,4.9,94,408,"Meet the Piatta Belt — a new twist on our classic Piatta. Designed with the same signature square-toe silhouette and effortless comfort, this version is elevated with a sleek belt accent for added charm. Balancing timeless simplicity with modern character, this versatile pair is made to take you seamlessly from day to night.
Materials:
- Upper: Brush-Off Leather (Maroon)
- Lining: Soft Garment
- Outsole: Fiber Rubber
- Construction: Cemented",https://down-id.img.susercontent.com/file/sg-11134201-824ib-mez71t4hj7yh25_tn,data/images/253449367_42370570158/img_0.jpg
253449367_28679172889,Damian Monkstrap Black - Nappa Milano - Sepatu Formal Pria,https://shopee.co.id/Damian-Monkstrap-Black-Nappa-Milano-Sepatu-Formal-Pria-i.253449367.28679172889,739000.0,0,"{""39"": 0, ""40"": 0, ""41"": 8, ""42"": 0, ""43"": 8, ""44"": 8, ""45"": 0}","41, 43, 44",Sepatu Pria > Sepatu Formal > Oxford,NAPPA MILANO,Indonesia,Elegant,Kulit,KAB. TANGERANG,5.0,12,57,"Materials:
- Upper: Nappa Leather
- Lining: Garment
- Outsole: Lightweight Rubber
- Construction: Cementing",https://down-id.img.susercontent.com/file/id-11134207-7rbkd-m7fy03xboydi40,data/images/253449367_28679172889/img_0.jpg
253449367_26217946362,"Nappa Milano Invisible Socks Black, Cotton, 37-45",https://shopee.co.id/Nappa-Milano-Invisible-Socks-Black-Cotton-37-45-i.253449367.26217946362,799000.0,0,{},,Sepatu Pria > Kaos Kaki,-,,,,KAB. TANGERANG,4.9,289,1RB+,"Compliment your look with comfortable toes! Nappa Milano’s newest socks are designed to ensure comfort to your feet while remaining classy. Using high quality cotton material to keep your toes pleasant, it comes in two different lengths and three neutral colors to support your daily polished attire.
All Size: 37 - 45",https://down-id.img.susercontent.com/file/sg-11134201-7renn-m2qj03yb5sbx0b,data/images/253449367_26217946362/img_0.jpg
253449367_52961638786,Luther Penny Cognac - Nappa Milano - Sepatu Kulit Pria,https://shopee.co.id/Luther-Penny-Cognac-Nappa-Milano-Sepatu-Kulit-Pria-i.253449367.52961638786,1039000.0,0,"{""39"": 0, ""40"": 88, ""41"": 88, ""42"": 88, ""43"": 88, ""44"": 88, ""45"": 88, ""46"": 88}","40, 41, 42, 43, 44, 45, 46",Sepatu Pria > Sepatu Formal > Loafer,NAPPA MILANO,Indonesia,,Kulit,KAB. TANGERANG,,,0,"Meet the Luther Penny, an easy, polished loafer made for everyday wear. Crafted from soft Nappa leather and lined with smooth garment leather, it feels as good as it looks. The lightweight rubber sole keeps you comfortable on the move. Luther effortlessly enhances your overall look, combining prestige with timeless appeal—the perfect choice for days when you want to look sharp without trying too hard.
Discover Luther’s three new colorways, Green, Brown Suede, and Black-White, colors that offer a slightly bolder expression but remain timeless and elegant.
Materials:
- Upper: Nappa leather
- Lining: Garment
- Outsole: Lightweight Rubber
- Construction: Cementing",https://down-id.img.susercontent.com/file/sg-11134201-823rb-mp1v8cewsb9r27,data/images/253449367_52961638786/img_0.jpg
253449367_23981772019,Cyrus Cirro - Nappa X Kevinswork Loafer Tersedia Dalam Berbagai Warna,https://shopee.co.id/Cyrus-Cirro-Nappa-X-Kevinswork-Loafer-Tersedia-Dalam-Berbagai-Warna-i.253449367.23981772019,849000.0,0,"{""39"": 15, ""40"": 15, ""41"": 15, ""42"": 15, ""43"": 0}","39, 40, 41, 42",Sepatu Pria > Sneakers,NAPPA MILANO,Indonesia,,,KAB. TANGERANG,5.0,2,4,"For packaging protection, please add bubble wrap to your order (will add 1 kg to your total order weight)
https://shopee.co.id/product/253449367/22320248351/
This Nappa Milano x Kevinswork collaboration collection is a classic loafer decorated with fringe and tassel accents. True to its name (coming from Nimbostratus cloud— a dark and grey cloud), Nimbo Loafers offers you a dark colour palette upper. But watch out for a hint of blue and pink colour, including a man and woman dancing on the back of each pair—showing that you can still dance the darkness away whenever there's a gloomy day!
Materials:
- Upper: Nappa Leather
- Insole: Injected Phylon Foam
- Construction: Cemented
- Lining: Soft Garment
- Outsole: Lightweight EVA Rubber",https://down-id.img.susercontent.com/file/sg-11134201-7rbnd-lm761tkwpaob2e,data/images/253449367_23981772019/img_0.jpg
253449367_57402386866,Gale Soccer Black - Nappa Milano - Sepatu Sneakers Pria,https://shopee.co.id/Gale-Soccer-Black-Nappa-Milano-Sepatu-Sneakers-Pria-i.253449367.57402386866,740050.0,0,"{""40"": 0, ""41"": 0, ""42"": 0, ""43"": 0, ""44"": 2, ""45"": 0}",44,Sepatu Pria > Sneakers,NAPPA MILANO,,,,KAB. TANGERANG,4.9,16,48,"Gale Soccer draws inspiration from the silhouette of classic football footwear, bringing the spirit of the game into everyday life. Designed with flat soles and chosen materials for comfort outside the field, this pair offers soft textures that feel great from the very first step. Gale Soccer pairs well with any outfit, making it a must-have for anyone who craves a distinctive and stylish addition to their daily attire.
Materials:
- Upper: Nubuck leather & Lamb skin leather
- Lining: Lamb skin leather
- Outsole: Lightweight Rubber
- Construction: Cementing",https://down-id.img.susercontent.com/file/sg-11134201-82274-mhpvvefca6mb3a,data/images/253449367_57402386866/img_0.jpg
253449367_55809347090,Rene Strap Flats Silver - Nappa Milano - Sepatu Flat Wanita,https://shopee.co.id/Rene-Strap-Flats-Silver-Nappa-Milano-Sepatu-Flat-Wanita-i.253449367.55809347090,799000.0,0,"{""36"": 41, ""37"": 41, ""38"": 41, ""39"": 41, ""40"": 41}","36, 37, 38, 39, 40",Sepatu Wanita > Sepatu Flat > Pointed Flats,NAPPA MILANO,,,Lainnya,KAB. TANGERANG,,,5,"The Rene Strap Flats combine simplicity and elegance with clean lines, a soft almond toe, and a stylish adjustable strap that offers both character and functionality. Designed for all-day wear, these lightweight flats provide effortless comfort while maintaining a refined, elegant look. Available in color black, brown, mocha, olive, cherry, silver, moss and burgundy.
Materials:
- Upper: Nappa Leather
- Lining: Textile
- Outsole: Lightweight Rubber
- Construction: Cementing",https://down-id.img.susercontent.com/file/sg-11134201-820of-mndrq29oetc369,data/images/253449367_55809347090/img_0.jpg
253449367_52853818157,Lacy Ballet Flats Blush - Nappa Milano - Sepatu Flat Wanita,https://shopee.co.id/Lacy-Ballet-Flats-Blush-Nappa-Milano-Sepatu-Flat-Wanita-i.253449367.52853818157,989000.0,0,"{""36"": 25, ""37"": 25, ""38"": 25, ""39"": 25, ""40"": 25, ""41"": 0}","36, 37, 38, 39, 40",Sepatu Wanita > Sepatu Flat > Rounded Toe Flats,NAPPA MILANO,,,Kulit,KAB. TANGERANG,5.0,7,29,"A soft and feminine take on the classic ballet flat. Designed with an elastic strap for a touch of charm and a secure fit, the Lacy Ballet Flats add effortless elegance to your everyday looks — from casual strolls to dressier moments. Available in: White, Black, Red, and Silver.
Materials:
- Upper: Lamb Skin
- Lining: Textile
- Outsole: Lightweight Rubber
- Construction: Cementing",https://down-id.img.susercontent.com/file/sg-11134201-81zw9-mir31r8wm7lw08_tn,data/images/253449367_52853818157/img_0.jpg
253449367_29907447332,Pier Classic Loafers Beige - Nappa Milano - Sepatu Kulit,https://shopee.co.id/Pier-Classic-Loafers-Beige-Nappa-Milano-Sepatu-Kulit-i.253449367.29907447332,939000.0,0,"{""38"": 0, ""39"": 41, ""40"": 41, ""41"": 41, ""42"": 41, ""43"": 41, ""44"": 41, ""45"": 41}","39, 40, 41, 42, 43, 44, 45",Sepatu Pria > Sepatu Formal > Loafer,NAPPA MILANO,Indonesia,,Kulit,KAB. TANGERANG,4.9,153,435,"For packaging protection, please add bubble wrap to your order (will add 1 kg to your total order weight)
https://shopee.co.id/product/253449367/22320248351/
Pier Classic Loafers is the epitome of luxury and style. Meticulously crafted with high-quality materials, these loafers exude sophistication and elegance, making them the perfect choice for any classy gentleman. Offered in beige and camel.
Materials:
- Upper: Lambskin Suede
- Lining: Garment
- Outsole: Lightweight Rubber
- Construction: Cementing",https://down-id.img.susercontent.com/file/id-11134207-7rash-m4proq9m6pgu29_tn,data/images/253449367_29907447332/img_0.jpg
253449367_28662413336,Piatta Classica Maroon - Nappa Milano - Sepatu Flat Wanita,https://shopee.co.id/Piatta-Classica-Maroon-Nappa-Milano-Sepatu-Flat-Wanita-i.253449367.28662413336,869000.0,0,"{""36"": 38, ""37"": 0, ""38"": 0, ""39"": 38, ""40"": 38, ""41"": 0, ""42"": 0}","36, 39, 40","Sepatu Wanita > Slip Ons, Mary Janes & Mules",NAPPA MILANO,Indonesia,Flat Shoes,,KAB. TANGERANG,4.9,594,2RB+,"For packaging protection, please add bubble wrap to your order (will add 1 kg to your total order weight)
https://shopee.co.id/product/253449367/22320248351/
Experience timeless sophistication with the Piatta Classica Women's Flat Shoes. Meticulously crafted from luxurious full-grain leather, these classic flats are designed to offer both elegance and unparalleled comfort.
Features:
- Distinctive 'N' Stitch Detail: A subtle yet elegant 'N' stitch design that nods to Nappa Milano and adds a unique touch of sophistication to the classic profile. This refined detail enhances the overall look without overwhelming the minimalist design.
- Superior Comfort: The Piatta shoes, crafted with a cushioned insole and outsole made of fiber rubber, provide all-day comfort without compromising on style.
- Premium Materials: Made with high-quality materials, these shoes boast durability and a refined finish.
- Timeless & Versatile: Available in various colors, from timeless neutrals to vibrant hues, the Piatta flats effortlessly complement any outfit, making them a must-have addition to your wardrobe.
Materials:
- Upper: Brush-Off Leather
- Lining: Soft Garment
- Outsole: Fiber Rubber
- Construction: Cemented",https://down-id.img.susercontent.com/file/id-11134207-7rasi-m26kku42wr2185_tn,data/images/253449367_28662413336/img_0.jpg
253449367_55404568124,Kiko Jane Brown - Nappa Milano - Sepatu Flat Wanita,https://shopee.co.id/Kiko-Jane-Brown-Nappa-Milano-Sepatu-Flat-Wanita-i.253449367.55404568124,1049000.0,0,"{""36"": 4, ""37"": 0, ""38"": 0, ""39"": 0, ""40"": 0, ""41"": 4, ""42"": 4}","36, 41, 42",Sepatu Wanita > Sepatu Flat > Rounded Toe Flats,NAPPA MILANO,,,Kulit,KAB. TANGERANG,5.0,6,37,"Kiko Jane is inspired by the classic Mary Jane silhouette. It features a rounded toe, a clean strap detail, and a soft leather upper, finished with a flexible gum sole. Light on the feet and easy to wear, Kiko Jane is designed to elevate everyday looks while remaining comfortable for all-day wear. Available in two color options: beige and brown.
Materials:
- Upper: Nappa Leather
- Lining: Garment
- Outsole: Lightweight Rubber
- Construction: Cementing",https://down-id.img.susercontent.com/file/sg-11134201-8261t-mjez886hmgw24f_tn,data/images/253449367_55404568124/img_0.jpg
253449367_44223223951,Lacy Ballet Flats Red - Nappa Milano - Sepatu Flat Kulit Wanita,https://shopee.co.id/Lacy-Ballet-Flats-Red-Nappa-Milano-Sepatu-Flat-Kulit-Wanita-i.253449367.44223223951,839000.0,0,"{""36"": 0, ""37"": 13, ""38"": 13, ""39"": 13, ""40"": 0, ""41"": 0}","37, 38, 39",Sepatu Wanita > Sepatu Flat > Rounded Toe Flats,NAPPA MILANO,Indonesia,,,KAB. TANGERANG,4.9,26,98,"A soft and feminine take on the classic ballet flat. Designed with an elastic strap for a touch of charm and a secure fit, the Lacy Ballet Flats add effortless elegance to your everyday looks — from casual strolls to dressier moments. Available in: White, Black, Red, and Silver.
Materials:
- Upper: Lamb Skin
- Lining: Textile
- Outsole: Lightweight Rubber
- Construction: Cementing",https://down-id.img.susercontent.com/file/sg-11134201-824hv-mfl4t55srkehd4_tn,data/images/253449367_44223223951/img_0.jpg
253449367_50301703145,Rue Sneakers Cherry - Nappa Milano - Sepatu Kulit Wanita,https://shopee.co.id/Rue-Sneakers-Cherry-Nappa-Milano-Sepatu-Kulit-Wanita-i.253449367.50301703145,899000.0,0,"{""36"": 0, ""37"": 0, ""38"": 0, ""39"": 10, ""40"": 0, ""41"": 0, ""42"": 0}",39,Sepatu Wanita > Sneakers,NAPPA MILANO,Indonesia,,,KAB. TANGERANG,4.8,57,186,"A sneaker, a ballerina—a little bit of both. Meet Rue, our first sneakerina, your new go-to pair that blends street style with feminine flair. With sporty mesh panels, contrast stitching, and lace-up details, Rue delivers comfort and character in every step. Available in two colors: Mousse, a warm mocha-toned brown, and Dusty, a soft grey you’ll wear on repeat. Pair them with socks for a playful touch or go bare for a sleeker look.
Materials: Nappa Leather, Suede Leather & Mesh Fabric
Lining: Mesh Fabric
Outsole: Cupsole Rubber
Construction: Cemented",https://down-id.img.susercontent.com/file/sg-11134201-821g2-mh8u8gk4nf2n59_tn,data/images/253449367_50301703145/img_0.jpg
253449367_19192981678,Conrad Brogues Black - Nappa Milano - Sepatu Pria,https://shopee.co.id/Conrad-Brogues-Black-Nappa-Milano-Sepatu-Pria-i.253449367.19192981678,729000.0,0,"{""39"": 0, ""40"": 0, ""41"": 3, ""42"": 0, ""43"": 0, ""44"": 0, ""45"": 0}",41,Sepatu Pria > Sepatu Formal > Oxford,NAPPA MILANO,Indonesia,,Kulit,KAB. TANGERANG,4.7,12,58,"For packaging protection, please add bubble wrap to your order (will add 1 kg to your total order weight)
https://shopee.co.id/product/253449367/22320248351/
Conrad Brogues is a classic oxford with minimalist broguing details that elevates this lace-up oxford from smooth and shiny hand-painted Vegetable that will leave you looking sharp. Take your look to the next level with this dressy brogue oxford.
Upper: Hand-painted Vegetable Leather
Outsole: Eva Rubber
Lining: Soft Garment",https://down-id.img.susercontent.com/file/sg-11134201-7rblu-lqkakw86xuue03_tn,data/images/253449367_19192981678/img_0.jpg
253449367_56156240734,Leis Slippers Black - Nappa Milano - Sandal Unisex,https://shopee.co.id/Leis-Slippers-Black-Nappa-Milano-Sandal-Unisex-i.253449367.56156240734,839000.0,0,"{""36"": 0, ""37"": 0, ""38"": 2, ""39"": 2, ""40"": 0, ""41"": 0, ""42"": 0, ""43"": 0, ""44"": 0, ""45"": 0}","38, 39",Sepatu Pria > Sandal > Sandal Slide,NAPPA MILANO,Indonesia,Slide,Suede,KAB. TANGERANG,5.0,20,42,"Designed with a closed-toe silhouette for a clean, structured look. LEIS Slippers feature a soft suede leather upper with an adjustable buckle detail for a secure fit. The lambskin insole adds a smooth, cushioned feel, while the lightweight EVA rubber outsole provides flexibility and everyday durability. A relaxed design that balances coverage, comfort, and ease.
Materials:
- Upper: Suede Leather
- Insole: Lamb skin
- Outsole: EVA Rubber
- Construction: Cemented",https://down-id.img.susercontent.com/file/sg-11134201-8260l-mkrqgveeh9fkd5_tn,data/images/253449367_56156240734/img_0.jpg
253449367_26574984697,Mocc Buckle Brown - Nappa Milano - Sepatu Formal Pria,https://shopee.co.id/Mocc-Buckle-Brown-Nappa-Milano-Sepatu-Formal-Pria-i.253449367.26574984697,719000.0,0,"{""39"": 0, ""40"": 4, ""41"": 4, ""42"": 0, ""43"": 0, ""44"": 4, ""45"": 0}","40, 41, 44",Sepatu Pria > Slip-On & Mules,NAPPA MILANO,Indonesia,,,KAB. TANGERANG,5.0,13,36,"CEK SIZE CHART DI FOTO SLIDE TERAKHIR / PANDUAN UKURAN
Elevate your everyday style with the sophisticated Mocc Buckle. Featuring a hand-painted vegetable-tanned leather upper and a striking metal buckle detail, this pair blends timeless craftsmanship with contemporary elegance. The EVA rubber outsole ensures flexibility and lightweight wear, while the soft garment leather lining enhances comfort for all-day use.
Upper: Hand-painted Vegetable-Tanned Leather
Outsole: Lightweight EVA Rubber
Lining: Soft Garment Leather",https://down-id.img.susercontent.com/file/id-11134207-7ra0t-md04lrqzybek27_tn,data/images/253449367_26574984697/img_0.jpg
253449367_22388144416,Juno Slippers Brown- Nappa Milano - Sandal Unisex,https://shopee.co.id/Juno-Slippers-Brown-Nappa-Milano-Sandal-Unisex-i.253449367.22388144416,899000.0,0,"{""36"": 13, ""37"": 13, ""38"": 0, ""39"": 0, ""40"": 0, ""41"": 0, ""42"": 0, ""43"": 0, ""44"": 0, ""45"": 0}","36, 37",Sepatu Pria > Sandal > Sandal Slide,NAPPA MILANO,Indonesia,Slide,Kulit,KAB. TANGERANG,4.9,120,314,"For packaging protection, please add bubble wrap to your order (will add 1 kg to your total order weight)
https://shopee.co.id/product/253449367/22320248351/
Juno Slippers is a versatile clog-style slipper with an adjustable metal pin buckle. Easy on and easy off, Juno is comfortable and practical. Along with the selection of adorable colours, black, brown, maroon, mustard and olive, you can feel comfort and ease while enhancing your whole look. Don't believe us? Try it for yourself! With Juno, You Know.
Upper: Nappa Leather
Insole: Soft Garment
Outsole: EVA Rubber
Construction: Cemented",https://down-id.img.susercontent.com/file/sg-11134201-7rdw4-lxi2m5qv2vnu67,data/images/253449367_22388144416/img_0.jpg
253449367_13696494049,CJ Kansas Black Nubuck Leather Moccasin,https://shopee.co.id/CJ-Kansas-Black-Nubuck-Leather-Moccasin-i.253449367.13696494049,949000.0,0,"{""36"": 2, ""37"": 0, ""38"": 0, ""39"": 0, ""40"": 0, ""41"": 0, ""42"": 0, ""43"": 0, ""44"": 0, ""45"": 0}",36,Sepatu Pria > Sepatu Formal > Oxford,NAPPA MILANO,Indonesia,,,KAB. TANGERANG,4.8,18,34,"Nappa Milano x CJ for Us exclusive collection.
CJ Kansas is a lace-up moccasin-style silhouette and construction with a clean yet appealing Nubuck leather upper. Featuring Nappa's signature comfortable soles, it is that one shoe to accompany your adventurous life.
Available in four striking colors; Black, Brown, Icy Grey & Pine Green.
Upper: Nubuck Leather
Insole: Soft Garment
Outsole: EVA Rubber
Construction: Blake Stitch",https://down-id.img.susercontent.com/file/19a4682ac032db006e2d271db0256ddd,data/images/253449367_13696494049/img_0.jpg
253449367_56561651076,Gail Dainty Red,https://shopee.co.id/Gail-Dainty-Red-i.253449367.56561651076,869000.0,0,"{""36"": 36, ""37"": 36, ""38"": 36, ""39"": 36, ""40"": 36}","36, 37, 38, 39, 40",Sepatu Pria > Sepatu Formal > Loafer,NAPPA MILANO,,,,KAB. TANGERANG,,,2,"Gail Dainty introduces a softer side of Gail — combining feminine details with the comfort and ease of an everyday sneaker. Designed with a lightweight feel, soft elastic finishing, and delicate lace accents, the silhouette brings a playful yet effortless touch to daily wear. Easy to style and comfortable to move in, Gail Dainty is made for girls who love the comfort sneakers bring, but with a softer, more feminine touch.
Materials:
- Upper: Suede Leather & Nylon
- Lining: Textile
- Outsole: Lightweight Rubber
- Construction: Cementing",https://down-id.img.susercontent.com/file/sg-11134201-823pe-mp1v7934vaps16,data/images/253449367_56561651076/img_0.jpg
253449367_29588337402,Gail Ballet Red - Nappa Milano - Sepatu Sneakers Wanita,https://shopee.co.id/Gail-Ballet-Red-Nappa-Milano-Sepatu-Sneakers-Wanita-i.253449367.29588337402,739000.0,0,"{""36"": 0, ""37"": 0, ""38"": 0, ""39"": 0, ""40"": 0}","36, 37, 38, 39, 40",Sepatu Wanita > Sneakers,NAPPA MILANO,,,"Kulit, suede",KAB. TANGERANG,5.0,113,341,"Meet the Gail Ballet, the ‘sneakerina’ take on our classic Gail. This playful twist on the Mary Jane features soft quilted suede, a sporty sole, and an adjustable velcro strap. Lightweight, versatile, and effortlessly girly, it’s made for everything from daily errands to spontaneous day-outs. Available in four charming shades: Blush, Brown, Red, and Tan.
Materials:
- Upper: Suede Leather
- Lining: Textile
- Outsole: Lightweight Rubber
- Construction: Cementing",https://down-id.img.susercontent.com/file/sg-11134201-7rdyw-mbtoludlmyhmfc_tn,data/images/253449367_29588337402/img_0.jpg
253449367_15990735503,Noir Penny Loafers - Nappa Milano - Sepatu Kulit Pria,https://shopee.co.id/Noir-Penny-Loafers-Nappa-Milano-Sepatu-Kulit-Pria-i.253449367.15990735503,829000.0,0,"{""39"": 0, ""40"": 0, ""41"": 0, ""42"": 6, ""43"": 0, ""44"": 0, ""45"": 0}",42,Sepatu Pria > Sepatu Formal > Loafer,NAPPA MILANO,Indonesia,,Kulit,KAB. TANGERANG,4.9,831,2RB+,"For packaging protection, please add bubble wrap to your order (will add 1 kg to your total order weight)
https://shopee.co.id/product/253449367/22320248351/
Clean and smart craftsmanship with easy slip-on style. This All-black pair represents the concept of minimalism and simplicity but still putting forward the essence of formal classic. Noir Penny Loafers, your go-to shoes for day and night.
Material: Brush Off Leather
Lining: Lambskin
Outsole: Fiber Rubber
Construction: Cementing with Stitched Outsole",https://down-id.img.susercontent.com/file/sg-11134201-7rbmg-lmvsxyuhkogg42,data/images/253449367_15990735503/img_0.jpg
253449367_21796669289,Piatta T-Jane Maroon - Nappa Milano - Sepatu Flat Wanita,https://shopee.co.id/Piatta-T-Jane-Maroon-Nappa-Milano-Sepatu-Flat-Wanita-i.253449367.21796669289,1059000.0,0,"{""36"": 0, ""37"": 0, ""38"": 0, ""39"": 0, ""40"": 0, ""41"": 4, ""42"": 4}","41, 42",Sepatu Wanita > Sepatu Flat > Sepatu Flat Lainnya,NAPPA MILANO,Indonesia,,Karet,KAB. TANGERANG,4.9,199,699,"For packaging protection, please add bubble wrap to your order (will add 1 kg to your total order weight)
https://shopee.co.id/product/253449367/22320248351/
Step into timeless elegance with the Piatta Women's Flat Shoes featuring a classic T-Strap Mary Jane design. Perfect for adding a touch of vintage charm to your modern wardrobe, these flats combine stylish aesthetics with unparalleled comfort.
Features:
- Classic T-Strap Design: The iconic T-strap silhouette adds a retro flair to your ensemble, while the adjustable buckle ensures a secure and personalized fit. It is ideal for both dressy and casual occasions.
- Superior Comfort: The Piatta shoes, crafted with a cushioned insole and outsole made of fiber rubber, provide all-day comfort without compromising on style.
- Premium Materials: Made with high-quality materials, these shoes boast durability and a refined finish.
- Timeless & Versatile: Available in various colors, from timeless neutrals to vibrant hues, the Piatta flats effortlessly complement any outfit, making them a must-have addition to your wardrobe.
Materials:
- Upper: Brush-Off Leather
- Lining: Soft Garment
- Outsole: Fiber Rubber
- Construction: Cemented",https://down-id.img.susercontent.com/file/id-11134207-7rasd-m26epm7ggmpld3_tn,data/images/253449367_21796669289/img_0.jpg
253449367_22057405405,Roland Mules Grey - Nappa Milano - Sandal Kulit Pria,https://shopee.co.id/Roland-Mules-Grey-Nappa-Milano-Sandal-Kulit-Pria-i.253449367.22057405405,899000.0,0,"{""39"": 0, ""40"": 6, ""41"": 6, ""42"": 0, ""43"": 0, ""44"": 0, ""45"": 0}","40, 41",Sepatu Pria > Sandal > Sandal Slide,NAPPA MILANO,Indonesia,,Kulit,KAB. TANGERANG,4.9,15,27,"For packaging protection, please add bubble wrap to your order (will add 1 kg to your total order weight)
https://shopee.co.id/product/253449367/22320248351/
Roland is a practical mule that offers you a combination of comfort and style. The fishermen-inspired upper, the trendy outsole and the backless design made Roland edged towards dandy yet with a touch of easiness and a homespun look. With brown and grey colour choices, you can pair them for any look. Let's Stroll Around with Roland!
Upper: Hairy Suede & Lambskin
Lining: Soft Garment
Outsole: EVA Rubber",https://down-id.img.susercontent.com/file/sg-11134201-7rbl3-lmoctav5v30l2b,data/images/253449367_22057405405/img_0.jpg
253449367_28162413321,Piatta Double Strap Maroon - Nappa Milano - Sepatu Flat Wanita,https://shopee.co.id/Piatta-Double-Strap-Maroon-Nappa-Milano-Sepatu-Flat-Wanita-i.253449367.28162413321,829000.0,0,"{""36"": 43, ""37"": 43, ""38"": 43, ""39"": 43, ""40"": 43, ""41"": 43, ""42"": 0}","36, 37, 38, 39, 40, 41","Sepatu Wanita > Slip Ons, Mary Janes & Mules",NAPPA MILANO,Indonesia,Flat Shoes,,KAB. TANGERANG,4.9,352,1RB+,"For packaging protection, please add bubble wrap to your order (will add 1 kg to your total order weight)
https://shopee.co.id/product/253449367/22320248351/
Designed for comfort and elegance, The Piatta Double Strap features a sophisticated double strap design that adds a touch of modern flair to a classic silhouette.
Features:
- Double Strap Design: The distinctive double strap design ensures a secure fit while enhancing the shoes' visual appeal. It is perfectly balanced for both formal and casual occasions.
- Superior Comfort: The Piatta shoes, crafted with a cushioned insole and outsole made of fiber rubber, provide all-day comfort without compromising on style.
- Premium Materials: Made with high-quality materials, these shoes boast durability and a refined finish.
- Timeless & Versatile: Available in various colors, from timeless neutrals to vibrant hues, the Piatta flats effortlessly complement any outfit, making them a must-have addition to your wardrobe.
Materials:
- Upper: Brush-Off Leather
- Lining: Soft Garment
- Outsole: Fiber Rubber
- Construction: Cemented",https://down-id.img.susercontent.com/file/id-11134207-7ras8-m26epm7gb0ft78_tn,data/images/253449367_28162413321/img_0.jpg
253449367_19889708207,Quinn Penny Black- Nappa Milano - Sepatu Unisex,https://shopee.co.id/Quinn-Penny-Black-Nappa-Milano-Sepatu-Unisex-i.253449367.19889708207,1009000.0,0,"{""36"": 0, ""37"": 0, ""38"": 0, ""39"": 0, ""40"": 0, ""41"": 0, ""42"": 0, ""43"": 0, ""44"": 7, ""45"": 0, ""47"": 0, ""46"": 0}",44,Sepatu Pria > Sepatu Formal > Loafer,NAPPA MILANO,Indonesia,,Kulit,KAB. TANGERANG,4.9,519,1RB+,"For packaging protection, please add bubble wrap to your order (will add 1 kg to your total order weight)
https://shopee.co.id/product/253449367/22320248351/
Like the rest of the penny loafers collection, Quinn Penny is a classic loafer with a slip-on design that provides elegance and comfort. Yet, unlike the rest, Quinn is unique with its chic gold-tone coin detail—a nod to the OG penny loafer in the 1930s. Available in black, brown, maroon and frost white colours with different upper materials for each colour.
Materials:
- Upper: Nappa Leather & Non-detachable gold-tone coin.
- Lining: Lamb Skin Lining
- Outsole: EVA Rubber",https://down-id.img.susercontent.com/file/sg-11134201-824hw-me8h93vny39e9c,data/images/253449367_19889708207/img_0.jpg
253449367_7143955672,Blake Penny Loafers Brown - Nappa Milano - Sepatu Pria,https://shopee.co.id/Blake-Penny-Loafers-Brown-Nappa-Milano-Sepatu-Pria-i.253449367.7143955672,949000.0,0,"{""Size 39"": 0, ""Size 40"": 70, ""Size 41"": 70, ""Size 42"": 70, ""Size 43"": 0, ""Size 44"": 70, ""Size 45"": 70, ""Size 46"": 0, ""Size 47"": 0, ""Size 48"": 0, ""Size 49"": 0}","Size 40, Size 41, Size 42, Size 44, Size 45",Sepatu Pria > Sepatu Formal > Loafer,NAPPA MILANO,Indonesia,,Kulit,KAB. TANGERANG,4.9,166,465,"Clean and smart craftsmanship with easy slip-on style. This represents the concept of minimalism and simplicity but still putting forward the essence of formal classic. Blake Penny Loafers Brown, your go-to shoes for day and night.
Material: Nappa Leather
Lining: Lambskin
Outsole: Fiber Rubber
Construction: Cementing with Stitched Outsole",https://down-id.img.susercontent.com/file/sg-11134201-7rcem-lrikozgs9s0i29,data/images/253449367_7143955672/img_0.jpg
253449367_43504264612,Rene Split Olive,https://shopee.co.id/Rene-Split-Olive-i.253449367.43504264612,989000.0,0,"{""36"": 0, ""37"": 0, ""38"": 0, ""39"": 0, ""40"": 0}","36, 37, 38, 39, 40","Sepatu Wanita > Slip Ons, Mary Janes & Mules",NAPPA MILANO,,,,KAB. TANGERANG,4.9,33,146,"Materials:
- Upper: Nappa Leather
- Lining: Textile
- Outsole: Lightweight Rubber
- Construction: Cementing",https://down-id.img.susercontent.com/file/sg-11134201-7rauy-mawim99fm489a1,data/images/253449367_43504264612/img_0.jpg
253449367_29358972248,Pam Lace Up Black - Nappa Milano - Sepatu Kulit Wanita,https://shopee.co.id/Pam-Lace-Up-Black-Nappa-Milano-Sepatu-Kulit-Wanita-i.253449367.29358972248,789000.0,0,"{""36"": 4, ""37"": 0, ""38"": 0, ""39"": 0, ""40"": 4, ""41"": 0, ""42"": 0}","36, 40","Sepatu Wanita > Slip Ons, Mary Janes & Mules",NAPPA MILANO,Indonesia,,,KAB. TANGERANG,4.9,73,245,"For packaging protection, please add bubble wrap to your order (will add 1 kg to your total order weight)
https://shopee.co.id/product/253449367/22320248351/
The Pam Lace-Up is our modern twist on classic Scottish dance shoes. It features a sleek, lace-up design with no tongue and Pam's signature sole, combining traditional charm with a sophisticated, contemporary style. Available in black and maroon.
Materials:
- Upper: Brush-Off Leather
- Outsole: Lightweight Rubber
- Insole: Injected Phylon
- Lining: Soft Garment
- Construction: Cemented",https://down-id.img.susercontent.com/file/sg-11134201-7rdxd-m0dy24se0pvoee,data/images/253449367_29358972248/img_0.jpg
253449367_44065616391,Gail Motion Beige - Nappa Milano - Sepatu Sneakers Kulit Wanita,https://shopee.co.id/Gail-Motion-Beige-Nappa-Milano-Sepatu-Sneakers-Kulit-Wanita-i.253449367.44065616391,859000.0,0,"{""36"": 0, ""37"": 0, ""38"": 0, ""39"": 0, ""40"": 0}","36, 37, 38, 39, 40",Sepatu Wanita > Sneakers,NAPPA MILANO,Indonesia,,,KAB. TANGERANG,5.0,55,194,"The Gail Motion reimagines our original Gail with a fresh mix of materials. While the original was crafted entirely in suede, the Gail Motion blends suede leather and nylon for the perfect balance of style and function.
With its flat sole and nylon material, the Gail Motion stays lightweight and durable—making it ideal for active days. Meanwhile, suede leather adds softness, luxury, and a chic finish that elevates any outfit.
Designed to move with you, the Gail Motion is versatile enough for everyday wear, casual styling, or even light workouts.
Materials:
- Upper: Suede Leather & Nylon
- Lining: Textile
- Outsole: Lightweight Rubber
- Construction: Cementing",https://down-id.img.susercontent.com/file/sg-11134201-824h0-mdzivr0bc6pv83_tn,data/images/253449367_44065616391/img_0.jpg
253449367_46960970722,Luther Penny Brown Suede - Nappa Milano - Sepatu Kulit Pria,https://shopee.co.id/Luther-Penny-Brown-Suede-Nappa-Milano-Sepatu-Kulit-Pria-i.253449367.46960970722,779000.0,0,"{""39"": 0, ""40"": 22, ""41"": 22, ""42"": 22, ""43"": 22, ""44"": 22, ""45"": 22, ""46"": 0}","40, 41, 42, 43, 44, 45",Sepatu Pria > Sepatu Formal > Loafer,NAPPA MILANO,Indonesia,loafers,Kulit,KAB. TANGERANG,5.0,7,21,"Meet the Luther Penny, an easy, polished loafer made for everyday wear. Crafted from soft premium real leather and lined with smooth garment leather, it feels as good as it looks. The lightweight rubber sole keeps you comfortable on the move. Luther effortlessly enhances your overall look, combining prestige with timeless appeal—the perfect choice for days when you want to look sharp without trying too hard.
Discover Luther’s three new colorways, Green, Brown Suede, and Black-White, colors that offer a slightly bolder expression but remain timeless and elegant.
Materials:
- Upper: Suede leather
- Lining: Garment
- Outsole: Lightweight Rubber
- Construction: Cementing",https://down-id.img.susercontent.com/file/sg-11134201-823ri-moj63r8mnd3fb1_tn,data/images/253449367_46960970722/img_0.jpg
253449367_57456236036,Leis Slides Beige - Nappa Milano - Sandal Unisex,https://shopee.co.id/Leis-Slides-Beige-Nappa-Milano-Sandal-Unisex-i.253449367.57456236036,849000.0,0,"{""36"": 0, ""37"": 0, ""38"": 2, ""39"": 0, ""40"": 0, ""41"": 0, ""42"": 0, ""43"": 0, ""44"": 0, ""45"": 0}",38,Sepatu Pria > Sandal > Sandal Slide,NAPPA MILANO,,,Suede,KAB. TANGERANG,5.0,7,29,"Built for easy wear with a unique yet minimal shape. LEIS Slides feature a wide suede leather upper that offers coverage and a relaxed fit. The lambskin insole delivers softness and comfort, while the lightweight EVA rubber outsole ensures flexibility and support. Designed for effortless on-and-off wear with a clean, modern look.
Materials:
- Upper: Suede Leather
- Insole: Lamb skin
- Outsole: EVA Rubber
- Construction: Cemented",https://down-id.img.susercontent.com/file/sg-11134201-825zw-mkrq0aobz9xfce_tn,data/images/253449367_57456236036/img_0.jpg
253449367_27437518741,Rene Split Beige - Nappa Milano - Sepatu Flat Wanita,https://shopee.co.id/Rene-Split-Beige-Nappa-Milano-Sepatu-Flat-Wanita-i.253449367.27437518741,1049000.0,0,"{""36"": 0, ""37"": 0, ""38"": 0, ""39"": 0, ""40"": 0}","36, 37, 38, 39, 40","Sepatu Wanita > Slip Ons, Mary Janes & Mules",NAPPA MILANO,,,,KAB. TANGERANG,5.0,20,88,"Materials:
- Upper: Suede Leather
- Lining: Textile
- Outsole: Lightweight Rubber
- Construction: Cementing",https://down-id.img.susercontent.com/file/sg-11134201-7raud-mawinwusbuc0b7,data/images/253449367_27437518741/img_0.jpg
253449367_51501376376,Rene Strap Flats Burgundy - Nappa Milano - Sepatu Flat Wanita,https://shopee.co.id/Rene-Strap-Flats-Burgundy-Nappa-Milano-Sepatu-Flat-Wanita-i.253449367.51501376376,1039000.0,0,"{""36"": 0, ""37"": 0, ""38"": 0, ""39"": 0, ""40"": 0}","36, 37, 38, 39, 40",Sepatu Wanita > Sepatu Flat > Pointed Flats,NAPPA MILANO,Indonesia,,Kulit,KAB. TANGERANG,5.0,18,66,"The Rene Strap Flats combine simplicity and elegance with clean lines, a soft almond toe, and a stylish adjustable strap that offers both character and functionality. Designed for all-day wear, these lightweight flats provide effortless comfort while maintaining a refined, elegant look. Available in color black, brown, mocha, olive, cherry, moss and burgundy.
Materials:
- Upper: Nappa Leather
- Lining: Textile
- Outsole: Lightweight Rubber
- Construction: Cementing",https://down-id.img.susercontent.com/file/sg-11134201-821do-mh1cplmr0jym67_tn,data/images/253449367_51501376376/img_0.jpg
253449367_28363430288,Damian Tassel Black - Nappa Milano - Sepatu Pantofel Pria,https://shopee.co.id/Damian-Tassel-Black-Nappa-Milano-Sepatu-Pantofel-Pria-i.253449367.28363430288,859000.0,0,"{""39"": 0, ""40"": 0, ""41"": 0, ""42"": 0, ""43"": 37, ""44"": 37, ""45"": 37, ""46"": 0}","43, 44, 45",Sepatu Pria > Sepatu Formal > Loafer,NAPPA MILANO,Indonesia,,Kulit,KAB. TANGERANG,4.9,46,133,"For packaging protection, please add bubble wrap to your order (will add 1 kg to your total order weight)
https://shopee.co.id/product/253449367/22320248351/
The Damian Tassel presents a sleek silhouette designed for the modern gentleman, offering a timeless and elegant appearance. Available in color black and brown.
Features:
Tassel Accent: An easy slip-on pair completed with tassel accents that add a touch of refinement.
Comfort Fit: Crafted with a cushioned insole and an outsole made of fiber rubber, these shoes provide all-day comfort.
Premium Materials: These shoes are crafted with high-quality materials that boast durability and a refined finish.
Formal & Versatile: Its formal, classic and timeless design complements suits, dress pants, and more.
Materials:
- Upper: Nappa Leather
- Lining: Garment
- Outsole: Lightweight Rubber
- Construction: Cementing",https://down-id.img.susercontent.com/file/id-11134207-7rbk5-m8zy1huht8bie4,data/images/253449367_28363430288/img_0.jpg
253449367_24134552336,Pier Penny Loafers Brown - Nappa Milano - Sepatu Kulit,https://shopee.co.id/Pier-Penny-Loafers-Brown-Nappa-Milano-Sepatu-Kulit-i.253449367.24134552336,969000.0,0,"{""38"": 10, ""39"": 10, ""40"": 0, ""41"": 10, ""42"": 0, ""43"": 0, ""44"": 0, ""45"": 10}","38, 39, 41, 45",Sepatu Pria > Sepatu Formal > Loafer,NAPPA MILANO,,,Kulit,KAB. TANGERANG,4.9,76,199,"For packaging protection, please add bubble wrap to your order (will add 1 kg to your total order weight)
https://shopee.co.id/product/253449367/22320248351/
Pier is a timeless classic penny loafer made with premium lambskin suede and featuring a lightweight rubber sole. It's expertly crafted to complement any outfit and exude sophistication. Available in brown and green.
Materials:
- Upper: Lambskin Suede
- Lining: Garment
- Outsole: Lightweight Rubber
- Construction: Cementing",https://down-id.img.susercontent.com/file/sg-11134201-7ra0o-m4k1lmq89etzfc_tn,data/images/253449367_24134552336/img_0.jpg
253449367_27664829974,Pier Penny Loafers Black - Nappa Milano - Sepatu Kulit Pria,https://shopee.co.id/Pier-Penny-Loafers-Black-Nappa-Milano-Sepatu-Kulit-Pria-i.253449367.27664829974,949000.0,0,"{""38"": 0, ""39"": 70, ""40"": 70, ""41"": 70, ""42"": 70, ""43"": 70, ""44"": 70, ""45"": 70}","39, 40, 41, 42, 43, 44, 45",Sepatu Pria > Sepatu Formal > Loafer,NAPPA MILANO,,,Kulit,KAB. TANGERANG,4.9,81,219,"For packaging protection, please add bubble wrap to your order (will add 1 kg to your total order weight)
https://shopee.co.id/product/253449367/22320248351/
Pier is a timeless classic penny loafer made with premium lambskin suede and featuring a lightweight rubber sole. It's expertly crafted to complement any outfit and exude sophistication. Available in brown, beige, black and green.
Materials:
- Upper: Lambskin Suede
- Lining: Garment
- Outsole: Lightweight Rubber
- Construction: Cementing",https://down-id.img.susercontent.com/file/sg-11134201-7ra2x-m4k1cfgj1890ee_tn,data/images/253449367_27664829974/img_0.jpg
253449367_26873092029,Rene Classic Flats Brown - Nappa Milano - Flat Shoes Wanita,https://shopee.co.id/Rene-Classic-Flats-Brown-Nappa-Milano-Flat-Shoes-Wanita-i.253449367.26873092029,929000.0,0,"{""36"": 0, ""37"": 0, ""38"": 0, ""39"": 0, ""40"": 0, ""41"": 0}","36, 37, 38, 39, 40",Sepatu Wanita > Sepatu Flat > Pointed Flats,NAPPA MILANO,Indonesia,,Kulit,KAB. TANGERANG,4.9,96,310,"Clean, sleek, and versatile. The Rene Classic Flats feature a pointed-toe design that
pairs effortlessly with casual and formal looks. Its slip-on style ensures all-day ease.
Features:
-Sleek, pointed-toe design for a modern yet timeless look.
-Lightweight and comfortable for all-day wear
Materials:
- Upper: Nappa Leather
- Lining: Textile
- Outsole: Lightweight Rubber
- Construction: Cementing",https://down-id.img.susercontent.com/file/sg-11134201-7ra2d-m4sqtc91gb6f1a_tn,data/images/253449367_26873092029/img_0.jpg
253449367_22770710122,Quinn Penny Maroon- Nappa Milano - Sepatu Unisex,https://shopee.co.id/Quinn-Penny-Maroon-Nappa-Milano-Sepatu-Unisex-i.253449367.22770710122,839000.0,0,"{""36"": 0, ""37"": 0, ""38"": 0, ""39"": 0, ""40"": 0, ""41"": 0, ""42"": 0, ""43"": 0, ""44"": 7, ""45"": 7}","44, 45",Sepatu Pria > Sepatu Formal > Loafer,NAPPA MILANO,Indonesia,,Kulit,KAB. TANGERANG,4.9,576,1RB+,"For packaging protection, please add bubble wrap to your order (will add 1 kg to your total order weight)
https://shopee.co.id/product/253449367/22320248351/
Like the rest of the penny loafers collection, Quinn Penny is a classic loafer with a slip-on design that provides elegance and comfort. Yet, unlike the rest, Quinn is unique with its chic gold-tone coin detail—a nod to the OG penny loafer in the 1930s. Available in black, brown, maroon and frost white colours with different upper materials for each colour.
Materials:
- Upper: Brush-Off Leather & Non-detachable gold-tone coin.
- Lining: Lamb Skin Lining
- Outsole: EVA Rubber",https://down-id.img.susercontent.com/file/sg-11134201-7rdvg-mcacq0u60psp44,data/images/253449367_22770710122/img_0.jpg
253449367_16596013687,Conrad Tassel Black - Nappa Milano - Sepatu Pria,https://shopee.co.id/Conrad-Tassel-Black-Nappa-Milano-Sepatu-Pria-i.253449367.16596013687,779000.0,0,"{""39"": 0, ""40"": 0, ""41"": 54, ""42"": 54, ""43"": 54, ""44"": 54, ""45"": 54}","41, 42, 43, 44, 45",Sepatu Pria > Sepatu Formal > Loafer,NAPPA MILANO,Indonesia,,Kulit,KAB. TANGERANG,5.0,27,69,"For packaging protection, please add bubble wrap to your order (will add 1 kg to your total order weight)
https://shopee.co.id/product/253449367/22320248351/
Specially made from Vegetable Leather with hand-painted finish, Conrad Tassel is an easy slip-on pair which offers a slick look with the dual-tone color scheme. Completed with braided-rope tassel accent.
Upper: Hand-painted Vegetable Leather
Outsole: Eva Rubber
Lining: Soft Garment",https://down-id.img.susercontent.com/file/id-11134207-7ra0j-mczwiv1xv71g1c_tn,data/images/253449367_16596013687/img_0.jpg
253449367_45202300917,Luther Penny Maroon - Nappa Milano - Sepatu Kulit Pria,https://shopee.co.id/Luther-Penny-Maroon-Nappa-Milano-Sepatu-Kulit-Pria-i.253449367.45202300917,1019000.0,0,"{""39"": 0, ""40"": 0, ""41"": 0, ""42"": 0, ""43"": 0, ""44"": 14, ""45"": 14, ""46"": 0}","44, 45",Sepatu Pria > Sepatu Formal > Loafer,NAPPA MILANO,Indonesia,,Kulit,KAB. TANGERANG,4.9,56,185,"Meet the Luther Penny, an easy, polished loafer made for everyday wear. Crafted from soft Nappa leather and lined with smooth garment leather, it feels as good as it looks. The lightweight rubber sole keeps you comfortable on the move.
Easy to wear and easy to style, Luther Penny is available in Black, Brown, and Maroon. Luther effortlessly enhances your overall look, combining prestige with timeless appeal—the perfect choice for days when you want to look sharp without trying too hard.
Materials:
- Upper: Nappa leather
- Lining: Garment
- Outsole: Lightweight Rubber
- Construction: Cementing",https://down-id.img.susercontent.com/file/sg-11134201-82267-mhlz12ogy0oy0d,data/images/253449367_45202300917/img_0.jpg
253449367_29937199610,Rue Sneakers Dusty Grey/Pink - Nappa Milano - Sepatu Flat Wanita,https://shopee.co.id/Rue-Sneakers-Dusty-Grey-Pink-Nappa-Milano-Sepatu-Flat-Wanita-i.253449367.29937199610,1009000.0,0,"{""36"": 0, ""37"": 33, ""38"": 33, ""39"": 33, ""40"": 33, ""41"": 33, ""42"": 33}","37, 38, 39, 40, 41, 42",Sepatu Wanita > Sepatu Flat > Rounded Toe Flats,NAPPA MILANO,,,,KAB. TANGERANG,4.9,76,233,"A sneaker, a ballerina—a little bit of both. Meet Rue, our first sneakerina, your new go-to pair that blends street style with feminine flair. With sporty mesh panels, contrast stitching, and lace-up details, Rue delivers comfort and character in every step. Pair them with socks for a playful touch or go bare for a sleeker look.
Available in four color options: Mousse (a warm mocha-toned brown), Dusty (a soft grey with a hint of pink), Cherry (a deep festive red) and Latte (a smooth beige-tone).
Materials:
- Upper: Nappa Leather, Suede Leather & Mesh Fabric
- Lining: Mesh Fabric
- Outsole: Cupsole Rubber
- Construction: Cemented",https://down-id.img.susercontent.com/file/sg-11134201-821d8-mh7hf3o1o07d20_tn,data/images/253449367_29937199610/img_0.jpg
253449367_48103829008,Lacy Classic Flats Beige - Nappa Milano - Sepatu Flat Wanita,https://shopee.co.id/Lacy-Classic-Flats-Beige-Nappa-Milano-Sepatu-Flat-Wanita-i.253449367.48103829008,749000.0,0,"{""36"": 0, ""37"": 15, ""38"": 0, ""39"": 15, ""40"": 15, ""41"": 15}","37, 39, 40, 41",Sepatu Wanita > Sepatu Flat > Rounded Toe Flats,NAPPA MILANO,,,Kulit,KAB. TANGERANG,5.0,6,24,"Timeless and versatile, the Lacy Classic Flats feature a clean, minimal silhouette that complements any outfit. Crafted for all-day comfort, they’re every lady go-to pair for a polished, easy look every day. Now available in three new colorways: beige, maroon, and tan.
Materials:
- Upper: Lamb Skin
- Lining: Textile
- Outsole: Lightweight Rubber
- Construction: Cementing",https://down-id.img.susercontent.com/file/sg-11134201-81zwh-mir346n7dddy3b_tn,data/images/253449367_48103829008/img_0.jpg
253449367_55356240779,Leis Flip-Flop Brown - Nappa Milano - Sandal Unisex,https://shopee.co.id/Leis-Flip-Flop-Brown-Nappa-Milano-Sandal-Unisex-i.253449367.55356240779,629000.0,0,"{""36"": 0, ""37"": 0, ""38"": 0, ""39"": 0, ""40"": 2, ""41"": 0, ""42"": 0, ""43"": 0, ""44"": 0, ""45"": 1}","40, 45",Sepatu Pria > Sandal > Sandal Jepit,NAPPA MILANO,,,"Suede, Karet",KAB. TANGERANG,4.3,3,5,"A refined take on the classic flip flop. LEIS Flip Flops feature suede leather straps with a clean, minimal profile. Lightweight, simple, and easy to wear, this design is made for warm-weather ease. The lambskin insole enhances comfort with a soft feel underfoot, paired with a flexible EVA rubber outsole for everyday movement.
Materials:
- Upper: Suede Leather
- Insole: Lamb skin
- Outsole: EVA Rubber
- Construction: Cemented",https://down-id.img.susercontent.com/file/sg-11134201-8262r-mkrqdd0nydj4e5,data/images/253449367_55356240779/img_0.jpg
253449367_4296553823,Gilly Tassel Maroon - Nappa Milano - Sepatu Wanita,https://shopee.co.id/Gilly-Tassel-Maroon-Nappa-Milano-Sepatu-Wanita-i.253449367.4296553823,625000.0,0,"{""36"": 3, ""37"": 4, ""38"": 0, ""39"": 0, ""40"": 0, ""41"": 0, ""42"": 0}","36, 37",Sepatu Wanita > Loafers & Boat Shoes,NAPPA MILANO,Indonesia,,Kulit,KAB. TANGERANG,4.9,266,709,"For packaging protection, please add bubble wrap to your order (will add 1 kg to your total order weight)
https://shopee.co.id/product/253449367/22320248351/
A modern redesign of 1930 vintage footwear with a refined glazy finish. Assuring you a stylish-tidy look yet comfortable and breathable wear for office, meetings, presentations, or even nights out.
Upper material: Brush Off Leather
Lining: Soft Garment
Outsole: Fiber Rubber
Construction: Cementing",https://down-id.img.susercontent.com/file/sg-11134201-7rbk4-lqkc8jegt7ayc3,data/images/253449367_4296553823/img_0.jpg
253449367_19889708207,Quinn Penny Black- Nappa Milano - Sepatu Unisex,https://shopee.co.id/Quinn-Penny-Black-Nappa-Milano-Sepatu-Unisex-i.253449367.19889708207,839000.0,0,"{""36"": 0, ""37"": 0, ""38"": 0, ""39"": 0, ""40"": 0, ""41"": 0, ""42"": 0, ""43"": 0, ""44"": 7, ""45"": 0, ""47"": 0, ""46"": 0}",44,Sepatu Pria > Sepatu Formal > Loafer,NAPPA MILANO,Indonesia,,Kulit,KAB. TANGERANG,4.9,519,1RB+,"For packaging protection, please add bubble wrap to your order (will add 1 kg to your total order weight)
https://shopee.co.id/product/253449367/22320248351/
Like the rest of the penny loafers collection, Quinn Penny is a classic loafer with a slip-on design that provides elegance and comfort. Yet, unlike the rest, Quinn is unique with its chic gold-tone coin detail—a nod to the OG penny loafer in the 1930s. Available in black, brown, maroon and frost white colours with different upper materials for each colour.
Materials:
- Upper: Nappa Leather & Non-detachable gold-tone coin.
- Lining: Lamb Skin Lining
- Outsole: EVA Rubber",https://down-id.img.susercontent.com/file/sg-11134201-824hw-me8h93vny39e9c,data/images/253449367_19889708207/img_0.jpg
253449367_28789584768,Rene Bare Flats Tan - Nappa Milano - Sepatu Kulit Wanita,https://shopee.co.id/Rene-Bare-Flats-Tan-Nappa-Milano-Sepatu-Kulit-Wanita-i.253449367.28789584768,729000.0,0,"{""36"": 6, ""37"": 6, ""38"": 0, ""39"": 6, ""40"": 6}","36, 37, 39, 40",Sepatu Wanita > Sepatu Flat > Rounded Toe Flats,NAPPA MILANO,,,,KAB. TANGERANG,4.9,8,18,"Designed to feel like a second skin, the Rene Bare Flats offer ultra-minimalist style with all-day comfort. Made from soft suede with a barely-there silhouette, this pair hugs your feet gently while giving just enough structure with its clean front seam and elegant dip at the vamp. Light, easy, and versatile—perfect for those who love the feeling of less. Available in Cream, Tan, and Brown
Materials:
- Upper: Suede Leather
- Lining: Textile
- Outsole: Lightweight Rubber
- Construction: Cementing",https://down-id.img.susercontent.com/file/sg-11134201-7rdvn-md4hx28ibjukb6_tn,data/images/253449367_28789584768/img_0.jpg
253449367_50954573247,Kiko Jane Beige - Nappa Milano - Sepatu Flat Wanita,https://shopee.co.id/Kiko-Jane-Beige-Nappa-Milano-Sepatu-Flat-Wanita-i.253449367.50954573247,769000.0,0,"{""36"": 0, ""37"": 0, ""38"": 8, ""39"": 0, ""40"": 0, ""41"": 8, ""42"": 0}","38, 41",Sepatu Wanita > Sepatu Flat > Rounded Toe Flats,NAPPA MILANO,Indonesia,,Kulit,KAB. TANGERANG,4.7,6,23,"Kiko Jane is inspired by the classic Mary Jane silhouette. It features a rounded toe, a clean strap detail, and a soft leather upper, finished with a flexible gum sole. Light on the feet and easy to wear, Kiko Jane is designed to elevate everyday looks while remaining comfortable for all-day wear. Available in two color options: beige and brown.
Materials:
- Upper: Nappa Leather
- Lining: Garment
- Outsole: Lightweight Rubber
- Construction: Cementing",https://down-id.img.susercontent.com/file/sg-11134201-82619-mjez7uqnim82ee_tn,data/images/253449367_50954573247/img_0.jpg
253449367_52354573251,Kiko Penny Black/White - Nappa Milano - Sepatu Flat Wanita,https://shopee.co.id/Kiko-Penny-Black-White-Nappa-Milano-Sepatu-Flat-Wanita-i.253449367.52354573251,789000.0,0,"{""36"": 8, ""37"": 8, ""38"": 0, ""39"": 0, ""40"": 8, ""41"": 8, ""42"": 0}","36, 37, 40, 41",Sepatu Wanita > Sepatu Flat > Rounded Toe Flats,NAPPA MILANO,Indonesia,,"Sintetis, lambskin",KAB. TANGERANG,5.0,6,17,"Kiko Penny is a classic penny loafer featuring a gold coin detail, refreshed with a soft, flexible heel and a lightweight gum sole. The relaxed heel construction helps prevent shoe bite, making it comfortable to wear straight from the first step, no break-in needed. Timeless in shape, yet thoughtfully updated for everyday ease. Available in two color options: black/white and brown.
Materials:
- Upper: Nappa Leather
- Lining: Garment
- Outsole: Lightweight Rubber
- Construction: Cementing",https://down-id.img.susercontent.com/file/sg-11134201-8262b-mjez9ct6c6ww7d_tn,data/images/253449367_52354573251/img_0.jpg
253449367_43504264612,Rene Split Olive,https://shopee.co.id/Rene-Split-Olive-i.253449367.43504264612,799000.0,0,"{""36"": 0, ""37"": 0, ""38"": 0, ""39"": 0, ""40"": 0}","36, 37, 38, 39, 40","Sepatu Wanita > Slip Ons, Mary Janes & Mules",NAPPA MILANO,,,,KAB. TANGERANG,4.9,33,146,"Materials:
- Upper: Nappa Leather
- Lining: Textile
- Outsole: Lightweight Rubber
- Construction: Cementing",https://down-id.img.susercontent.com/file/sg-11134201-7rauy-mawim99fm489a1,data/images/253449367_43504264612/img_0.jpg
253449367_57402386866,Gale Soccer Black - Nappa Milano - Sepatu Sneakers Pria,https://shopee.co.id/Gale-Soccer-Black-Nappa-Milano-Sepatu-Sneakers-Pria-i.253449367.57402386866,969000.0,0,"{""40"": 0, ""41"": 0, ""42"": 0, ""43"": 0, ""44"": 2, ""45"": 0}",44,Sepatu Pria > Sneakers,NAPPA MILANO,,,,KAB. TANGERANG,4.9,16,48,"Gale Soccer draws inspiration from the silhouette of classic football footwear, bringing the spirit of the game into everyday life. Designed with flat soles and chosen materials for comfort outside the field, this pair offers soft textures that feel great from the very first step. Gale Soccer pairs well with any outfit, making it a must-have for anyone who craves a distinctive and stylish addition to their daily attire.
Materials:
- Upper: Nubuck leather & Lamb skin leather
- Lining: Lamb skin leather
- Outsole: Lightweight Rubber
- Construction: Cementing",https://down-id.img.susercontent.com/file/sg-11134201-82274-mhpvvefca6mb3a,data/images/253449367_57402386866/img_0.jpg
253449367_47501723198,Rue Sneakers Latte - Nappa Milano - Sepatu Kulit Wanita,https://shopee.co.id/Rue-Sneakers-Latte-Nappa-Milano-Sepatu-Kulit-Wanita-i.253449367.47501723198,739000.0,0,"{""36"": 0, ""37"": 0, ""38"": 28, ""39"": 0, ""40"": 28, ""41"": 0, ""42"": 0}","38, 40",Sepatu Wanita > Sneakers,NAPPA MILANO,Indonesia,,,KAB. TANGERANG,4.9,73,237,"A sneaker, a ballerina—a little bit of both. Meet Rue, our first sneakerina, your new go-to pair that blends street style with feminine flair. With sporty mesh panels, contrast stitching, and lace-up details, Rue delivers comfort and character in every step. Available in two colors: Mousse, a warm mocha-toned brown, and Dusty, a soft grey you’ll wear on repeat. Pair them with socks for a playful touch or go bare for a sleeker look.
Materials: Nappa Leather, Suede Leather & Mesh Fabric
Lining: Mesh Fabric
Outsole: Cupsole Rubber
Construction: Cemented",https://down-id.img.susercontent.com/file/sg-11134201-821dm-mh8u6wgxzuvf58_tn,data/images/253449367_47501723198/img_0.jpg
253449367_19420676775,Pam Tassel Maroon - Nappa Milano - Sepatu Wanita,https://shopee.co.id/Pam-Tassel-Maroon-Nappa-Milano-Sepatu-Wanita-i.253449367.19420676775,939000.0,0,"{""36"": 66, ""37"": 66, ""38"": 66, ""39"": 66, ""40"": 66, ""41"": 0, ""42"": 0}","36, 37, 38, 39, 40",Sepatu Wanita > Loafers & Boat Shoes,NAPPA MILANO,Indonesia,,Kulit,KAB. TANGERANG,4.9,699,1RB+,"For packaging protection, please add bubble wrap to your order (will add 1 kg to your total order weight)
https://shopee.co.id/product/253449367/22320248351/
Easy slip-on loafers decorated with fringe along with tassel accents. Completed with cushy insole and specialized airy outsole made Sam the perfect statement shoes! Skillfully crafted using brush-off leather ensuring vivid colour pay-off.
Upper Material: Brush Off Leather
Outsole: Lightweight Rubber
Insole: Injected Rubber
Construction: Cemented
Lining: Soft Garment",https://down-id.img.susercontent.com/file/sg-11134201-7rbms-lqka6m6f87s656_tn,data/images/253449367_19420676775/img_0.jpg
253449367_47601391543,Rene Strap Flats Cherry - Nappa Milano - Sepatu Flat Wanita,https://shopee.co.id/Rene-Strap-Flats-Cherry-Nappa-Milano-Sepatu-Flat-Wanita-i.253449367.47601391543,939000.0,0,"{""36"": 24, ""37"": 24, ""38"": 24, ""39"": 24, ""40"": 24}","36, 37, 38, 39, 40",Sepatu Wanita > Sepatu Flat > Pointed Flats,NAPPA MILANO,Indonesia,,Kulit,KAB. TANGERANG,5.0,6,21,"The Rene Strap Flats combine simplicity and elegance with clean lines, a soft almond toe, and a stylish adjustable strap that offers both character and functionality. Designed for all-day wear, these lightweight flats provide effortless comfort while maintaining a refined, elegant look. Available in color black, brown, mocha, olive, cherry, moss and burgundy.
Materials:
- Upper: Nappa Leather
- Lining: Textile
- Outsole: Lightweight Rubber
- Construction: Cementing",https://down-id.img.susercontent.com/file/sg-11134201-821de-mh1cp2v0uknf53_tn,data/images/253449367_47601391543/img_0.jpg
253449367_52853818157,Lacy Ballet Flats Blush - Nappa Milano - Sepatu Flat Wanita,https://shopee.co.id/Lacy-Ballet-Flats-Blush-Nappa-Milano-Sepatu-Flat-Wanita-i.253449367.52853818157,989000.0,0,"{""36"": 25, ""37"": 25, ""38"": 25, ""39"": 25, ""40"": 25, ""41"": 0}","36, 37, 38, 39, 40",Sepatu Wanita > Sepatu Flat > Rounded Toe Flats,NAPPA MILANO,,,Kulit,KAB. TANGERANG,5.0,7,29,"A soft and feminine take on the classic ballet flat. Designed with an elastic strap for a touch of charm and a secure fit, the Lacy Ballet Flats add effortless elegance to your everyday looks — from casual strolls to dressier moments. Available in: White, Black, Red, and Silver.
Materials:
- Upper: Lamb Skin
- Lining: Textile
- Outsole: Lightweight Rubber
- Construction: Cementing",https://down-id.img.susercontent.com/file/sg-11134201-81zw9-mir31r8wm7lw08_tn,data/images/253449367_52853818157/img_0.jpg
253449367_43365609836,Gail Motion Brown - Nappa Milano - Sepatu Sneakers Kulit Wanita,https://shopee.co.id/Gail-Motion-Brown-Nappa-Milano-Sepatu-Sneakers-Kulit-Wanita-i.253449367.43365609836,1029000.0,0,"{""36"": 0, ""37"": 0, ""38"": 0, ""39"": 0, ""40"": 0}","36, 37, 38, 39, 40",Sepatu Wanita > Sneakers,NAPPA MILANO,Indonesia,,,KAB. TANGERANG,5.0,45,156,"The Gail Motion reimagines our original Gail with a fresh mix of materials. While the original was crafted entirely in suede, the Gail Motion blends suede leather and nylon for the perfect balance of style and function.
With its flat sole and nylon material, the Gail Motion stays lightweight and durable—making it ideal for active days. Meanwhile, suede leather adds softness, luxury, and a chic finish that elevates any outfit.
Designed to move with you, the Gail Motion is versatile enough for everyday wear, casual styling, or even light workouts.
Materials:
- Upper: Suede Leather & Nylon
- Lining: Textile
- Outsole: Lightweight Rubber
- Construction: Cementing",https://down-id.img.susercontent.com/file/sg-11134201-824hr-mdziuj51vksi64_tn,data/images/253449367_43365609836/img_0.jpg
253449367_55552285959,Luther Penny Black - Nappa Milano - Sepatu Kulit Pria,https://shopee.co.id/Luther-Penny-Black-Nappa-Milano-Sepatu-Kulit-Pria-i.253449367.55552285959,859000.0,0,"{""39"": 0, ""40"": 0, ""41"": 0, ""42"": 0, ""43"": 0, ""44"": 0, ""45"": 7, ""46"": 0}",45,Sepatu Pria > Sepatu Formal > Loafer,NAPPA MILANO,Indonesia,loafers,Kulit,KAB. TANGERANG,4.9,121,351,"Meet the Luther Penny, an easy, polished loafer made for everyday wear. Crafted from soft Nappa leather and lined with smooth garment leather, it feels as good as it looks. The lightweight rubber sole keeps you comfortable on the move.
Easy to wear and easy to style, Luther Penny is available in Black, Brown, and Maroon. Luther effortlessly enhances your overall look, combining prestige with timeless appeal—the perfect choice for days when you want to look sharp without trying too hard.
Materials:
- Upper: Nappa leather
- Lining: Garment
- Outsole: Lightweight Rubber
- Construction: Cementing",https://down-id.img.susercontent.com/file/sg-11134201-8227i-mhm0ax311afa22,data/images/253449367_55552285959/img_0.jpg
253449367_43315621146,Gail Motion Black - Nappa Milano - Sepatu Sneakers Kulit Wanita,https://shopee.co.id/Gail-Motion-Black-Nappa-Milano-Sepatu-Sneakers-Kulit-Wanita-i.253449367.43315621146,1049000.0,0,"{""36"": 0, ""37"": 0, ""38"": 0, ""39"": 0, ""40"": 0}","36, 37, 38, 39, 40",Sepatu Wanita > Sneakers,NAPPA MILANO,Indonesia,,,KAB. TANGERANG,5.0,30,81,"The Gail Motion reimagines our original Gail with a fresh mix of materials. While the original was crafted entirely in suede, the Gail Motion blends suede leather and nylon for the perfect balance of style and function.
With its flat sole and nylon material, the Gail Motion stays lightweight and durable—making it ideal for active days. Meanwhile, suede leather adds softness, luxury, and a chic finish that elevates any outfit.
Designed to move with you, the Gail Motion is versatile enough for everyday wear, casual styling, or even light workouts.
Materials:
- Upper: Suede Leather & Nylon
- Lining: Textile
- Outsole: Lightweight Rubber
- Construction: Cementing",https://down-id.img.susercontent.com/file/sg-11134201-824gw-mdziwbzn0lja9a_tn,data/images/253449367_43315621146/img_0.jpg
253449367_14589386826,Pam Tassel Black - Nappa Milano - Sepatu Wanita,https://shopee.co.id/Pam-Tassel-Black-Nappa-Milano-Sepatu-Wanita-i.253449367.14589386826,699000.0,0,"{""36"": 74, ""37"": 74, ""38"": 0, ""39"": 74, ""40"": 74, ""41"": 0, ""42"": 0}","36, 37, 39, 40",Sepatu Wanita > Loafers & Boat Shoes,NAPPA MILANO,Indonesia,,Kulit,KAB. TANGERANG,4.9,857,2RB+,"For packaging protection, please add bubble wrap to your order (will add 1 kg to your total order weight)
https://shopee.co.id/product/253449367/22320248351/
Easy slip-on loafers decorated with fringe along with tassel accents. Completed with cushy insole and specialized airy outsole made Sam the perfect statement shoes! Skillfully crafted using brush-off leather ensuring vivid colour pay-off.
Upper Material: Brush Off Leather
Outsole: Lightweight Rubber
Insole: Injected Rubber
Construction: Cemented
Lining: Soft Garment",https://down-id.img.susercontent.com/file/sg-11134201-7rbmz-lqk7e2fs8ndyb1_tn,data/images/253449367_14589386826/img_0.jpg
253449367_45202300917,Luther Penny Maroon - Nappa Milano - Sepatu Kulit Pria,https://shopee.co.id/Luther-Penny-Maroon-Nappa-Milano-Sepatu-Kulit-Pria-i.253449367.45202300917,769000.0,0,"{""39"": 0, ""40"": 0, ""41"": 0, ""42"": 0, ""43"": 0, ""44"": 14, ""45"": 14, ""46"": 0}","44, 45",Sepatu Pria > Sepatu Formal > Loafer,NAPPA MILANO,Indonesia,,Kulit,KAB. TANGERANG,4.9,56,185,"Meet the Luther Penny, an easy, polished loafer made for everyday wear. Crafted from soft Nappa leather and lined with smooth garment leather, it feels as good as it looks. The lightweight rubber sole keeps you comfortable on the move.
Easy to wear and easy to style, Luther Penny is available in Black, Brown, and Maroon. Luther effortlessly enhances your overall look, combining prestige with timeless appeal—the perfect choice for days when you want to look sharp without trying too hard.
Materials:
- Upper: Nappa leather
- Lining: Garment
- Outsole: Lightweight Rubber
- Construction: Cementing",https://down-id.img.susercontent.com/file/sg-11134201-82267-mhlz12ogy0oy0d,data/images/253449367_45202300917/img_0.jpg
253449367_29285987142,Roosevelt - Eau de Parfum 50ml,https://shopee.co.id/Roosevelt-Eau-de-Parfum-50ml-i.253449367.29285987142,1039000.0,0,{},,Perawatan & Kecantikan > Parfum & Wewangian > Parfum & Wewangian Unisex,-,Indonesia,,,KAB. TANGERANG,4.8,8,25,"The bass thrums through her body as she leans into the velvet booth, fingertips brushing against fresh red roses.
The scent clings to her, deep and velvety, as she makes her way onto the dance floor. The crowd moves as one, heat rising, energy pulsing. She’s like pink pepper crackles in the air, crisp and electric.
The night is alive—just like her. The music may fade, the lights may dim, but this feeling lingers, undeniable, unforgettable.
Roosevelt, The Groove, can last up to 8 hours.
Top: Pink Pepper, Raspberry.
Middle: Turkish Rose, Velvet.
Base: Amber, Sandalwood.
Eau de Parfum
50ml
BPOM: NA18250601128",https://down-id.img.susercontent.com/file/sg-11134201-7rffi-m9d35ckk0vc705_tn,data/images/253449367_29285987142/img_0.jpg
253449367_42625443412,Piatta Curve Brown - Nappa Milano - Sepatu Flat Wanita,https://shopee.co.id/Piatta-Curve-Brown-Nappa-Milano-Sepatu-Flat-Wanita-i.253449367.42625443412,869000.0,0,"{""36"": 6, ""37"": 0, ""38"": 0, ""39"": 0, ""40"": 6, ""41"": 0, ""42"": 0}","36, 40","Sepatu Wanita > Slip Ons, Mary Janes & Mules",NAPPA MILANO,Indonesia,,,KAB. TANGERANG,4.9,13,47,"Piatta Curve marks a new evolution of our signature Piatta collection, introducing a unique interpretation of classic comfort. Its distinctive curved upper brings a sense of fluidity and modern refinement to the timeless silhouette.
Crafted in soft suede leather — a first for the Piatta line — it offers new depth in tone, texture, and comfort. Designed with a cushioned insole and a square toe for a modern finish, Piatta Curve is available in timeless shades of Black and Brown.
Materials:
- Upper: Suede Leather
- Lining: Textile
- Outsole: Lightweight Rubber
- Construction: Cementing",https://down-id.img.susercontent.com/file/sg-11134201-8259k-mg4swfhlntvzfe_tn,data/images/253449367_42625443412/img_0.jpg
253449367_43304264481,Rene Split Tan - Nappa Milano - Sepatu Flat Wanita,https://shopee.co.id/Rene-Split-Tan-Nappa-Milano-Sepatu-Flat-Wanita-i.253449367.43304264481,909000.0,0,"{""36"": 0, ""37"": 0, ""38"": 0, ""39"": 0, ""40"": 0}","36, 37, 38, 39, 40","Sepatu Wanita > Slip Ons, Mary Janes & Mules",NAPPA MILANO,,,,KAB. TANGERANG,5.0,37,114,"The Rene T-Jane Flats feature a classic T-strap design and soft almond toe, offering
a minimalist look with retro-inspired elegance
Features:
-Adjustable T-strap design for added support and a vintage aesthetic.
-Lightweight and comfortable for all-day wear.
Materials:
- Upper: Nappa Leather
- Lining: Textile
- Outsole: Lightweight Rubber
- Construction: Cementing",https://down-id.img.susercontent.com/file/sg-11134201-7raso-mawiy3tz9hu8ac,data/images/253449367_43304264481/img_0.jpg
253449367_56561651076,Gail Dainty Red,https://shopee.co.id/Gail-Dainty-Red-i.253449367.56561651076,769000.0,0,"{""36"": 36, ""37"": 36, ""38"": 36, ""39"": 36, ""40"": 36}","36, 37, 38, 39, 40",Sepatu Pria > Sepatu Formal > Loafer,NAPPA MILANO,,,,KAB. TANGERANG,,,2,"Gail Dainty introduces a softer side of Gail — combining feminine details with the comfort and ease of an everyday sneaker. Designed with a lightweight feel, soft elastic finishing, and delicate lace accents, the silhouette brings a playful yet effortless touch to daily wear. Easy to style and comfortable to move in, Gail Dainty is made for girls who love the comfort sneakers bring, but with a softer, more feminine touch.
Materials:
- Upper: Suede Leather & Nylon
- Lining: Textile
- Outsole: Lightweight Rubber
- Construction: Cementing",https://down-id.img.susercontent.com/file/sg-11134201-823pe-mp1v7934vaps16,data/images/253449367_56561651076/img_0.jpg
253449367_42307279122,Gail Ballet Blush - Nappa Milano - Sepatu Sneakers Wanita,https://shopee.co.id/Gail-Ballet-Blush-Nappa-Milano-Sepatu-Sneakers-Wanita-i.253449367.42307279122,879000.0,0,"{""36"": 0, ""37"": 0, ""38"": 0, ""39"": 0, ""40"": 0}","36, 37, 38, 39, 40",Sepatu Wanita > Sneakers,NAPPA MILANO,,,Kulit,KAB. TANGERANG,4.9,39,111,"Meet the Gail Ballet, the ‘sneakerina’ take on our classic Gail. This playful twist on the Mary Jane features soft quilted suede, a sporty sole, and an adjustable velcro strap. Lightweight, versatile, and effortlessly girly, it’s made for everything from daily errands to spontaneous day-outs. Available in four charming shades: Blush, Brown, Red, and Tan.
Materials:
- Upper: Suede Leather
- Lining: Textile
- Outsole: Lightweight Rubber
- Construction: Cementing",https://down-id.img.susercontent.com/file/sg-11134201-7rdyb-mbtoxdj83uef99_tn,data/images/253449367_42307279122/img_0.jpg
253449367_28029178908,Damian Penny Brown - Nappa Milano - Sepatu Formal Pria,https://shopee.co.id/Damian-Penny-Brown-Nappa-Milano-Sepatu-Formal-Pria-i.253449367.28029178908,969000.0,0,"{""39"": 0, ""40"": 0, ""41"": 0, ""42"": 0, ""43"": 21, ""44"": 21, ""45"": 21, ""46"": 0}","43, 44, 45",Sepatu Pria > Sepatu Formal > Oxford,NAPPA MILANO,Indonesia,Elegant,Kulit,KAB. TANGERANG,4.9,18,97,"Materials:
- Upper: Nappa Leather
- Lining: Garment
- Outsole: Lightweight Rubber
- Construction: Cementing",https://down-id.img.susercontent.com/file/id-11134207-7rbk4-m7fy03xc5t6u18,data/images/253449367_28029178908/img_0.jpg
253449367_44223223951,Lacy Ballet Flats Red - Nappa Milano - Sepatu Flat Kulit Wanita,https://shopee.co.id/Lacy-Ballet-Flats-Red-Nappa-Milano-Sepatu-Flat-Kulit-Wanita-i.253449367.44223223951,799000.0,0,"{""36"": 0, ""37"": 13, ""38"": 13, ""39"": 13, ""40"": 0, ""41"": 0}","37, 38, 39",Sepatu Wanita > Sepatu Flat > Rounded Toe Flats,NAPPA MILANO,Indonesia,,,KAB. TANGERANG,4.9,26,98,"A soft and feminine take on the classic ballet flat. Designed with an elastic strap for a touch of charm and a secure fit, the Lacy Ballet Flats add effortless elegance to your everyday looks — from casual strolls to dressier moments. Available in: White, Black, Red, and Silver.
Materials:
- Upper: Lamb Skin
- Lining: Textile
- Outsole: Lightweight Rubber
- Construction: Cementing",https://down-id.img.susercontent.com/file/sg-11134201-824hv-mfl4t55srkehd4_tn,data/images/253449367_44223223951/img_0.jpg
253449367_52102518451,Union Sneakers White/Olive,https://shopee.co.id/Union-Sneakers-White-Olive-i.253449367.52102518451,989000.0,0,"{""41"": 47, ""42"": 47, ""43"": 47, ""44"": 47, ""45"": 47}","41, 42, 43, 44, 45",Sepatu Pria > Sneakers,NAPPA MILANO,,,,KAB. TANGERANG,,,4,"The Union Sneakers blend elements from iconic sneaker designs—creating a modern hybrid inspired by classic GAT heritage. Crafted with a mix of nappa leather, suede, and natural milling leather, they offer rich texture and timeless style.
A soft garment lining ensures comfort, while the lightweight rubber outsole provides flexibility and everyday ease. Finished with durable cementing construction, Union is designed for both style and longevity. Available in White Olive and Black White—your new go-to sneaker for elevated everyday wear.
Materials:
- Upper: Nappa leather, suede leather & natural milling leather
- Lining: Garment
- Outsole: Lightweight Rubber
- Construction: Cementing",https://down-id.img.susercontent.com/file/sg-11134201-8226s-mhstyxpxxaf423,data/images/253449367_52102518451/img_0.jpg
253449367_41361865306,Sona Boat Shoes Cream - Nappa Milano - Sepatu Kulit Wanita,https://shopee.co.id/Sona-Boat-Shoes-Cream-Nappa-Milano-Sepatu-Kulit-Wanita-i.253449367.41361865306,699000.0,0,"{""36"": 1, ""37"": 0, ""38"": 0, ""39"": 0}",36,Sepatu Wanita > Sepatu Flat > Rounded Toe Flats,NAPPA MILANO,,,,KAB. TANGERANG,5.0,6,14,"Sona Boat Shoes is a softer take on the classic boat shoe, combining a timeless shape with a minimalist design. Crafted from real leather for a snug fit, these shoes provide a clean look and all-day comfort. Available in brown and cream, Sona is a versatile staple for any wardrobe.
Materials:
- Upper: Nappa Leather
- Lining: Textile
- Outsole: Lightweight Rubber
- Construction: Cementing",https://down-id.img.susercontent.com/file/sg-11134201-7rdxw-md4gul3zblx332_tn,data/images/253449367_41361865306/img_0.jpg
253449367_29885400007,Gail Sneakers Cloud - Nappa Milano - Sepatu Sneakers Flat Wanita,https://shopee.co.id/Gail-Sneakers-Cloud-Nappa-Milano-Sepatu-Sneakers-Flat-Wanita-i.253449367.29885400007,859000.0,0,"{""36"": 0, ""37"": 0, ""38"": 0, ""39"": 0, ""40"": 0}","36, 37, 38, 39, 40",Sepatu Wanita > Sneakers,NAPPA MILANO,Indonesia,,Kulit,KAB. TANGERANG,4.9,86,229,"Meet Gail, Nappa Milano's first-ever women's sneaker—The Kicks for Every Chicks. Combining retro charm with modern comfort, Gail is designed for every step of your journey.
Features:
- Lightweight and flexible: Ideal for effortless movement and all-day wear.
- Cushioned insole: Provides exceptional comfort with every step.
- Subtle retro-inspired design: A timeless style with a modern twist.
- Versatile appeal: Suitable for any occasion, from running errands to evening outings.
- Available in four colors: Black, Brown, Blush and Snow.
Materials:
- Upper: Suede Leather
- Lining: Textile
- Outsole: Lightweight Rubber
- Construction: Cementing",https://down-id.img.susercontent.com/file/sg-11134201-7rfgk-m96roxm4tz1j7c_tn,data/images/253449367_29885400007/img_0.jpg
253449367_50106236027,Leis Slides Brown - Nappa Milano - Sandal Unisex,https://shopee.co.id/Leis-Slides-Brown-Nappa-Milano-Sandal-Unisex-i.253449367.50106236027,1019000.0,0,"{""36"": 0, ""37"": 0, ""38"": 0, ""39"": 1, ""40"": 0, ""41"": 0, ""42"": 0, ""43"": 0, ""44"": 0, ""45"": 0}",39,Sepatu Pria > Sandal > Sandal Slide,NAPPA MILANO,Indonesia,Slide,Suede,KAB. TANGERANG,4.9,12,32,"Built for easy wear with a unique yet minimal shape. LEIS Slides feature a wide suede leather upper that offers coverage and a relaxed fit. The lambskin insole delivers softness and comfort, while the lightweight EVA rubber outsole ensures flexibility and support. Designed for effortless on-and-off wear with a clean, modern look.
Materials:
- Upper: Suede Leather
- Insole: Lamb skin
- Outsole: EVA Rubber
- Construction: Cemented",https://down-id.img.susercontent.com/file/sg-11134201-82607-mkrpz0vg7hfo5a_tn,data/images/253449367_50106236027/img_0.jpg
253449367_15990735503,Noir Penny Loafers - Nappa Milano - Sepatu Kulit Pria,https://shopee.co.id/Noir-Penny-Loafers-Nappa-Milano-Sepatu-Kulit-Pria-i.253449367.15990735503,809000.0,0,"{""39"": 0, ""40"": 0, ""41"": 0, ""42"": 5, ""43"": 0, ""44"": 0, ""45"": 0}",42,Sepatu Pria > Sepatu Formal > Loafer,NAPPA MILANO,Indonesia,,Kulit,KAB. TANGERANG,4.9,831,2RB+,"For packaging protection, please add bubble wrap to your order (will add 1 kg to your total order weight)
https://shopee.co.id/product/253449367/22320248351/
Clean and smart craftsmanship with easy slip-on style. This All-black pair represents the concept of minimalism and simplicity but still putting forward the essence of formal classic. Noir Penny Loafers, your go-to shoes for day and night.
Material: Brush Off Leather
Lining: Lambskin
Outsole: Fiber Rubber
Construction: Cementing with Stitched Outsole",https://down-id.img.susercontent.com/file/sg-11134201-7rbmg-lmvsxyuhkogg42,data/images/253449367_15990735503/img_0.jpg
253449367_21930740424,Pam Buckle Black - Nappa Milano - Sepatu Wanita,https://shopee.co.id/Pam-Buckle-Black-Nappa-Milano-Sepatu-Wanita-i.253449367.21930740424,1019000.0,0,"{""36"": 85, ""37"": 85, ""38"": 85, ""39"": 85, ""40"": 85, ""41"": 85, ""42"": 85}","36, 37, 38, 39, 40, 41, 42",Sepatu Wanita > Loafers & Boat Shoes,NAPPA MILANO,,,Kulit,KAB. TANGERANG,4.8,717,2RB+,"For packaging protection, please add bubble wrap to your order (will add 1 kg to your total order weight)
https://shopee.co.id/product/253449367/22320248351/
This slip-on loafer is completed with a gold buckle to accentuate the elegance of the already chic collection. Came in with cushy insole and airy outsole; Pam Buckle is lightweight and comfy, making it the perfect everyday statement shoe! Available in two attractive brush-off leather colors, Black and Maroon.
Upper Material: Brush-Off Leather
Outsole: Lightweight Rubber
Insole: Injected Rubber
Construction: Cemented
Lining: Soft Garment",https://down-id.img.susercontent.com/file/id-11134207-7r98o-lz8jvah9nzu096_tn,data/images/253449367_21930740424/img_0.jpg
253449367_24090318962,Rene Classic Flats Ivory - Nappa Milano - Flat Shoes Wanita,https://shopee.co.id/Rene-Classic-Flats-Ivory-Nappa-Milano-Flat-Shoes-Wanita-i.253449367.24090318962,759000.0,0,"{""36"": 0, ""37"": 0, ""38"": 0, ""39"": 0, ""40"": 0, ""41"": 0}","36, 37, 38, 39, 40, 41",Sepatu Wanita > Sepatu Flat > Pointed Flats,NAPPA MILANO,Indonesia,,Kulit,KAB. TANGERANG,5.0,45,232,"Clean, sleek, and versatile. The Rene Classic Flats feature a pointed-toe design that
pairs effortlessly with casual and formal looks. Its slip-on style ensures all-day ease.
Features:
-Sleek, pointed-toe design for a modern yet timeless look.
-Lightweight and comfortable for all-day wear
Materials:
- Upper: Nappa Leather
- Lining: Textile
- Outsole: Lightweight Rubber
- Construction: Cementing",https://down-id.img.susercontent.com/file/sg-11134201-7ra39-m4sqsqh79zvibe_tn,data/images/253449367_24090318962/img_0.jpg
253449367_40807274518,Gail Ballet Brown - Nappa Milano - Sepatu Sneakers Wanita,https://shopee.co.id/Gail-Ballet-Brown-Nappa-Milano-Sepatu-Sneakers-Wanita-i.253449367.40807274518,889000.0,0,"{""36"": 0, ""37"": 0, ""38"": 0, ""39"": 0, ""40"": 0}","36, 37, 38, 39, 40",Sepatu Wanita > Sneakers,NAPPA MILANO,,,Kulit,KAB. TANGERANG,5.0,156,573,"Meet the Gail Ballet, the ‘sneakerina’ take on our classic Gail. This playful twist on the Mary Jane features soft quilted suede, a sporty sole, and an adjustable velcro strap. Lightweight, versatile, and effortlessly girly, it’s made for everything from daily errands to spontaneous day-outs. Available in four charming shades: Blush, Brown, Red, and Tan.
Materials:
- Upper: Suede Leather
- Lining: Textile
- Outsole: Lightweight Rubber
- Construction: Cementing",https://down-id.img.susercontent.com/file/sg-11134201-7rdw2-mbtopg13y2q627_tn,data/images/253449367_40807274518/img_0.jpg
253449367_56156240734,Leis Slippers Black - Nappa Milano - Sandal Unisex,https://shopee.co.id/Leis-Slippers-Black-Nappa-Milano-Sandal-Unisex-i.253449367.56156240734,1019000.0,0,"{""36"": 0, ""37"": 0, ""38"": 2, ""39"": 2, ""40"": 0, ""41"": 0, ""42"": 0, ""43"": 0, ""44"": 0, ""45"": 0}","38, 39",Sepatu Pria > Sandal > Sandal Slide,NAPPA MILANO,Indonesia,Slide,Suede,KAB. TANGERANG,5.0,20,42,"Designed with a closed-toe silhouette for a clean, structured look. LEIS Slippers feature a soft suede leather upper with an adjustable buckle detail for a secure fit. The lambskin insole adds a smooth, cushioned feel, while the lightweight EVA rubber outsole provides flexibility and everyday durability. A relaxed design that balances coverage, comfort, and ease.
Materials:
- Upper: Suede Leather
- Insole: Lamb skin
- Outsole: EVA Rubber
- Construction: Cemented",https://down-id.img.susercontent.com/file/sg-11134201-8260l-mkrqgveeh9fkd5_tn,data/images/253449367_56156240734/img_0.jpg
253449367_24384563997,Pier Classic Loafers Camel - Nappa Milano - Sepatu Kulit,https://shopee.co.id/Pier-Classic-Loafers-Camel-Nappa-Milano-Sepatu-Kulit-i.253449367.24384563997,819000.0,0,"{""38"": 89, ""39"": 89, ""40"": 89, ""41"": 89, ""42"": 89, ""43"": 89, ""44"": 89, ""45"": 89}","38, 39, 40, 41, 42, 43, 44, 45",Sepatu Pria > Sepatu Formal > Loafer,NAPPA MILANO,Indonesia,,Kulit,KAB. TANGERANG,5.0,74,226,"For packaging protection, please add bubble wrap to your order (will add 1 kg to your total order weight)
https://shopee.co.id/product/253449367/22320248351/
Pier Classic Loafers is the epitome of luxury and style. Meticulously crafted with high-quality materials, these loafers exude sophistication and elegance, making them the perfect choice for any classy gentleman. Offered in beige and camel.
Materials:
- Upper: Lambskin Suede
- Lining: Garment
- Outsole: Lightweight Rubber
- Construction: Cementing",https://down-id.img.susercontent.com/file/id-11134207-7rash-m4proq9m3wju36_tn,data/images/253449367_24384563997/img_0.jpg
253449367_55001376389,Rene Strap Flats Brown (Suede) - Nappa Milano - Sepatu Flat Wanita,https://shopee.co.id/Rene-Strap-Flats-Brown-(Suede)-Nappa-Milano-Sepatu-Flat-Wanita-i.253449367.55001376389,789000.0,0,"{""36"": 0, ""37"": 0, ""38"": 0, ""39"": 0, ""40"": 0}","36, 37, 38, 39, 40",Sepatu Wanita > Sepatu Flat > Pointed Flats,NAPPA MILANO,Indonesia,,suede,KAB. TANGERANG,5.0,9,40,"The Rene Strap Flats combine simplicity and elegance with clean lines, a soft almond toe, and a stylish adjustable strap that offers both character and functionality. Designed for all-day wear, these lightweight flats provide effortless comfort while maintaining a refined, elegant look. Available in color black, brown, mocha, olive, cherry, moss and burgundy.
Materials:
- Upper: Suede Leather
- Lining: Textile
- Outsole: Lightweight Rubber
- Construction: Cementing",https://down-id.img.susercontent.com/file/sg-11134201-821et-mh1cqx1wrmrw15_tn,data/images/253449367_55001376389/img_0.jpg
253449367_29638332544,Gail Ballet Tan - Nappa Milano - Sepatu Sneakers Wanita,https://shopee.co.id/Gail-Ballet-Tan-Nappa-Milano-Sepatu-Sneakers-Wanita-i.253449367.29638332544,929000.0,0,"{""36"": 0, ""37"": 0, ""38"": 0, ""39"": 0, ""40"": 0}","36, 37, 38, 39, 40",Sepatu Wanita > Sneakers,NAPPA MILANO,Indonesia,,Kulit,KAB. TANGERANG,5.0,36,148,"Meet the Gail Ballet, the ‘sneakerina’ take on our classic Gail. This playful twist on the Mary Jane features soft quilted suede, a sporty sole, and an adjustable velcro strap. Lightweight, versatile, and effortlessly girly, it’s made for everything from daily errands to spontaneous day-outs. Available in four charming shades: Blush, Brown, Red, and Tan.
Materials:
- Upper: Suede Leather
- Lining: Textile
- Outsole: Lightweight Rubber
- Construction: Cementing",https://down-id.img.susercontent.com/file/sg-11134201-7rdxt-mbtonnsfzshh53_tn,data/images/253449367_29638332544/img_0.jpg
253449367_23084803343,Moss Derby Cream - Nappa Milano - Sepatu Unisex,https://shopee.co.id/Moss-Derby-Cream-Nappa-Milano-Sepatu-Unisex-i.253449367.23084803343,799000.0,0,"{""36"": 0, ""37"": 5, ""38"": 5, ""39"": 5, ""40"": 0, ""41"": 0, ""42"": 0, ""43"": 0, ""44"": 0, ""45"": 0}","37, 38, 39",Sepatu Pria > Sepatu Pria Lainnya,NAPPA MILANO,,,,KAB. TANGERANG,5.0,20,49,"For packaging protection, please add bubble wrap to your order (will add 1 kg to your total order weight)
https://shopee.co.id/product/253449367/22320248351/
We created a new shape through Moss Derby to offer a less formal derby shoe with a roomy round-toes design, making it fit for most foot types. Moss Derby is unisex and has eight color options with various leather materials, offering endless possibilities and inconceivably vast options for your everyday look. They’re, in fact, classic, timeless and that versatile.
Upper: Suede Leather
Insole: Phylon Injection Insole
Outsole: Lightweight Rubber
Construction: Cemented",https://down-id.img.susercontent.com/file/sg-11134201-7rbl6-lqkbiyjkdism68,data/images/253449367_23084803343/img_0.jpg
253449367_21829944277,Conrad Tassel Coffee - Nappa Milano - Sepatu Pria,https://shopee.co.id/Conrad-Tassel-Coffee-Nappa-Milano-Sepatu-Pria-i.253449367.21829944277,1039000.0,0,"{""39"": 0, ""40"": 0, ""41"": 49, ""42"": 49, ""43"": 49, ""44"": 49, ""45"": 49}","41, 42, 43, 44, 45",Sepatu Pria > Sepatu Formal > Loafer,NAPPA MILANO,Indonesia,,Kulit,KAB. TANGERANG,4.9,51,140,"For packaging protection, please add bubble wrap to your order (will add 1 kg to your total order weight)
https://shopee.co.id/product/253449367/22320248351/
Specially made from Vegetable Leather with hand-painted finish, Conrad Tassel is an easy slip-on pair which offers a slick look with the dual-tone color scheme. Completed with braided-rope tassel accent.
Upper: Hand-painted Vegetable Leather
Outsole: Eva Rubber
Lining: Soft Garment",https://down-id.img.susercontent.com/file/id-11134207-7ra0g-mczwiv1y0tb8ac_tn,data/images/253449367_21829944277/img_0.jpg
253449367_57456236036,Leis Slides Beige - Nappa Milano - Sandal Unisex,https://shopee.co.id/Leis-Slides-Beige-Nappa-Milano-Sandal-Unisex-i.253449367.57456236036,1029000.0,0,"{""36"": 0, ""37"": 0, ""38"": 2, ""39"": 0, ""40"": 0, ""41"": 0, ""42"": 0, ""43"": 0, ""44"": 0, ""45"": 0}",38,Sepatu Pria > Sandal > Sandal Slide,NAPPA MILANO,,,Suede,KAB. TANGERANG,5.0,7,29,"Built for easy wear with a unique yet minimal shape. LEIS Slides feature a wide suede leather upper that offers coverage and a relaxed fit. The lambskin insole delivers softness and comfort, while the lightweight EVA rubber outsole ensures flexibility and support. Designed for effortless on-and-off wear with a clean, modern look.
Materials:
- Upper: Suede Leather
- Insole: Lamb skin
- Outsole: EVA Rubber
- Construction: Cemented",https://down-id.img.susercontent.com/file/sg-11134201-825zw-mkrq0aobz9xfce_tn,data/images/253449367_57456236036/img_0.jpg
253449367_8586321365,Gilly Monkstrap Tan - Nappa Milano - Sepatu Wanita,https://shopee.co.id/Gilly-Monkstrap-Tan-Nappa-Milano-Sepatu-Wanita-i.253449367.8586321365,699000.0,0,"{""36"": 1, ""37"": 0, ""38"": 0, ""39"": 0, ""40"": 0, ""41"": 0, ""42"": 0}",36,Sepatu Wanita > Loafers & Boat Shoes,NAPPA MILANO,Indonesia,,Kulit,KAB. TANGERANG,4.9,31,61,"For packaging protection, please add bubble wrap to your order (will add 1 kg to your total order weight)
https://shopee.co.id/product/253449367/22320248351/
A charming design with a refined glazy finish. The iconic adjustable double-buckle assures a sophisticated sleek look for your everyday companion.
Upper material: Brush Off Leather
Lining: Soft Garment
Outsole: Fiber Rubber
Construction: Cementing",https://down-id.img.susercontent.com/file/sg-11134201-7rbmr-lqka4dbtjjca61,data/images/253449367_8586321365/img_0.jpg
253449367_6852924371,Gilly Monkstrap Black - Nappa Milano - Sepatu Wanita,https://shopee.co.id/Gilly-Monkstrap-Black-Nappa-Milano-Sepatu-Wanita-i.253449367.6852924371,899000.0,0,"{""36"": 8, ""37"": 8, ""38"": 0, ""39"": 0, ""40"": 0, ""41"": 0, ""42"": 0}","36, 37",Sepatu Wanita > Sepatu Wanita Lainnya,NAPPA MILANO,Indonesia,,Kulit,KAB. TANGERANG,4.9,21,51,"For packaging protection, please add bubble wrap to your order (will add 1 kg to your total order weight)
https://shopee.co.id/product/253449367/22320248351/
A charming design with a smooth polished finish. The iconic adjustable double-buckle assures a sophisticated sleek look for your everyday companion..
Upper material: Nappa Leather
Lining: Soft Garment
Outsole: Fiber Rubber
Construction: Cementing",https://down-id.img.susercontent.com/file/sg-11134201-7rbk4-lqkc7yk7b4ef21,data/images/253449367_6852924371/img_0.jpg
253449367_28923097022,Rene Strap Flats Black - Nappa Milano - Sepatu Flat Wanita,https://shopee.co.id/Rene-Strap-Flats-Black-Nappa-Milano-Sepatu-Flat-Wanita-i.253449367.28923097022,1009000.0,0,"{""36"": 0, ""37"": 0, ""38"": 0, ""39"": 0, ""40"": 0}","36, 37, 38, 39, 40",Sepatu Wanita > Sepatu Flat > Pointed Flats,NAPPA MILANO,Indonesia,,Kulit,KAB. TANGERANG,5.0,23,84,"The Rene Strap Flats combine simplicity and elegance. Featuring clean lines, a soft
almond toe, and a stylish strap, they offer both character and functionality.
Features:
-Elegant strap design for both style and comfort.
-Adjustable strap.
-Lightweight and comfortable for all-day wear.
Materials:
- Upper: Nappa Leather
- Lining: Textile
- Outsole: Lightweight Rubber
- Construction: Cementing",https://down-id.img.susercontent.com/file/sg-11134201-7ra3c-m4sqrhyueuxj7a_tn,data/images/253449367_28923097022/img_0.jpg
253449367_47300989098,Posy Kicks Wine - Nappa Milano - Sepatu Sneakers Wanita,https://shopee.co.id/Posy-Kicks-Wine-Nappa-Milano-Sepatu-Sneakers-Wanita-i.253449367.47300989098,709000.0,0,"{""36"": 0, ""37"": 27, ""38"": 27, ""39"": 27, ""40"": 27, ""41"": 0, ""42"": 0}","37, 38, 39, 40",Sepatu Wanita > Sneakers,NAPPA MILANO,Indonesia,,,KAB. TANGERANG,5.0,4,16,"Posy Kicks are the latest addition to the Posy Collection. These sneakers feature a combination of boxy leather and suede, creating a refined contrast that enhances your everyday style. With sleek lines and a subtle shine, they add a modern and confident touch to any outfit. Lightweight and comfortable, the Posy Kicks are designed to kick up your style whether you're running weekday errands or enjoying a weekend stroll. Available in two color options: black and wine.
Materials:
- Upper: Boxy Leather & Suede Leather
- Lining: Textile
- Outsole: Lightweight Rubber
- Construction: Cementing",https://down-id.img.susercontent.com/file/sg-11134201-821d8-mgrnc0pjcqhac5_tn,data/images/253449367_47300989098/img_0.jpg
253449367_22059299302,Moss Derby Deer- Nappa Milano - Sepatu Unisex,https://shopee.co.id/Moss-Derby-Deer-Nappa-Milano-Sepatu-Unisex-i.253449367.22059299302,769000.0,0,"{""36"": 0, ""37"": 0, ""38"": 0, ""39"": 1, ""40"": 0, ""41"": 0, ""42"": 0, ""43"": 0, ""44"": 0, ""45"": 0}",39,Sepatu Pria > Sepatu Pria Lainnya,NAPPA MILANO,,,,KAB. TANGERANG,5.0,6,11,"For packaging protection, please add bubble wrap to your order (will add 1 kg to your total order weight)
https://shopee.co.id/product/253449367/22320248351/
We created a new shape through Moss Derby to offer a less formal derby shoe with a roomy round-toes design, making it fit for most foot types. Moss Derby is unisex and has eight color options with various leather materials, offering endless possibilities and inconceivably vast options for your everyday look. They’re, in fact, classic, timeless and that versatile.
Upper: Animal Printed Leather
Insole: Phylon Injection Insole
Outsole: Lightweight Rubber
Construction: Cemented",https://down-id.img.susercontent.com/file/sg-11134201-7rbl0-lqkbmqo564qsca,data/images/253449367_22059299302/img_0.jpg
253449367_21330740298,Pam Buckle Maroon - Nappa Milano - Sepatu Wanita,https://shopee.co.id/Pam-Buckle-Maroon-Nappa-Milano-Sepatu-Wanita-i.253449367.21330740298,929000.0,0,"{""36"": 22, ""37"": 0, ""38"": 22, ""39"": 22, ""40"": 22, ""41"": 0, ""42"": 0}","36, 38, 39, 40","Sepatu Wanita > Slip Ons, Mary Janes & Mules",NAPPA MILANO,Indonesia,,,KAB. TANGERANG,4.8,369,1RB+,"For packaging protection, please add bubble wrap to your order (will add 1 kg to your total order weight)
https://shopee.co.id/product/253449367/22320248351/
This slip-on loafer is completed with a gold buckle to accentuate the elegance of the already chic collection. Came in with cushy insole and airy outsole; Pam Buckle is lightweight and comfy, making it the perfect everyday statement shoe! Available in two attractive brush-off leather colors, Black and Maroon.
Upper Material: Brush-Off Leather
Outsole: Lightweight Rubber
Insole: Injected Rubber
Construction: Cemented
Lining: Soft Garment",https://down-id.img.susercontent.com/file/sg-11134201-7r98o-lkuizs0o90mv19,data/images/253449367_21330740298/img_0.jpg
253449367_44223223951,Lacy Ballet Flats Red - Nappa Milano - Sepatu Flat Kulit Wanita,https://shopee.co.id/Lacy-Ballet-Flats-Red-Nappa-Milano-Sepatu-Flat-Kulit-Wanita-i.253449367.44223223951,889000.0,0,"{""36"": 0, ""37"": 13, ""38"": 13, ""39"": 13, ""40"": 0, ""41"": 0}","37, 38, 39",Sepatu Wanita > Sepatu Flat > Rounded Toe Flats,NAPPA MILANO,Indonesia,,,KAB. TANGERANG,4.9,26,98,"A soft and feminine take on the classic ballet flat. Designed with an elastic strap for a touch of charm and a secure fit, the Lacy Ballet Flats add effortless elegance to your everyday looks — from casual strolls to dressier moments. Available in: White, Black, Red, and Silver.
Materials:
- Upper: Lamb Skin
- Lining: Textile
- Outsole: Lightweight Rubber
- Construction: Cementing",https://down-id.img.susercontent.com/file/sg-11134201-824hv-mfl4t55srkehd4_tn,data/images/253449367_44223223951/img_0.jpg
253449367_27437204539,Rue Sneakers Mousse Brown - Nappa Milano - Sepatu Flat Wanita,https://shopee.co.id/Rue-Sneakers-Mousse-Brown-Nappa-Milano-Sepatu-Flat-Wanita-i.253449367.27437204539,849000.0,0,"{""36"": 0, ""37"": 29, ""38"": 29, ""39"": 29, ""40"": 29, ""41"": 0, ""42"": 0}","37, 38, 39, 40",Sepatu Wanita > Sepatu Flat > Rounded Toe Flats,NAPPA MILANO,Indonesia,,,KAB. TANGERANG,4.9,89,321,"A sneaker, a ballerina—a little bit of both. Meet Rue, our first sneakerina, your new go-to pair that blends street style with feminine flair. With sporty mesh panels, contrast stitching, and lace-up details, Rue delivers comfort and character in every step. Pair them with socks for a playful touch or go bare for a sleeker look.
Available in four color options: Mousse (a warm mocha-toned brown), Dusty (a soft grey with a hint of pink), Cherry (a deep festive red) and Latte (a smooth beige-tone).
Materials:
- Upper: Nappa Leather, Suede Leather & Mesh Fabric
- Lining: Mesh Fabric
- Outsole: Cupsole Rubber
- Construction: Cemented",https://down-id.img.susercontent.com/file/sg-11134201-821fm-mh7hefzll0qxd7_tn,data/images/253449367_27437204539/img_0.jpg
253449367_26574315806,Gail Sneakers Brown - Nappa Milano - Sepatu Sneakers Wanita,https://shopee.co.id/Gail-Sneakers-Brown-Nappa-Milano-Sepatu-Sneakers-Wanita-i.253449367.26574315806,729000.0,0,"{""36"": 0, ""37"": 0, ""38"": 0, ""39"": 0, ""40"": 0}","36, 37, 38, 39, 40",Sepatu Wanita > Sneakers,NAPPA MILANO,Indonesia,,,KAB. TANGERANG,5.0,277,772,"Meet Gail, Nappa Milano's first-ever women's sneaker—The Kicks for Every Chicks. Combining retro charm with modern comfort, Gail is designed for every step of your journey.
Features:
- Lightweight and flexible: Ideal for effortless movement and all-day wear.
- Cushioned insole: Provides exceptional comfort with every step.
- Subtle retro-inspired design: A timeless style with a modern twist.
- Versatile appeal: Suitable for any occasion, from running errands to evening outings.
- Available in four colors: Black, Red, Brown, and Tan.
Materials:
- Upper: Suede Leather
- Lining: Textile
- Outsole: Lightweight Rubber
- Construction: Cementing",https://down-id.img.susercontent.com/file/id-11134207-7rbk6-m8x15ezlpoul10_tn,data/images/253449367_26574315806/img_0.jpg
253449367_57402386866,Gale Soccer Black - Nappa Milano - Sepatu Sneakers Pria,https://shopee.co.id/Gale-Soccer-Black-Nappa-Milano-Sepatu-Sneakers-Pria-i.253449367.57402386866,849000.0,0,"{""40"": 0, ""41"": 0, ""42"": 0, ""43"": 0, ""44"": 2, ""45"": 0}",44,Sepatu Pria > Sneakers,NAPPA MILANO,,,,KAB. TANGERANG,4.9,16,48,"Gale Soccer draws inspiration from the silhouette of classic football footwear, bringing the spirit of the game into everyday life. Designed with flat soles and chosen materials for comfort outside the field, this pair offers soft textures that feel great from the very first step. Gale Soccer pairs well with any outfit, making it a must-have for anyone who craves a distinctive and stylish addition to their daily attire.
Materials:
- Upper: Nubuck leather & Lamb skin leather
- Lining: Lamb skin leather
- Outsole: Lightweight Rubber
- Construction: Cementing",https://down-id.img.susercontent.com/file/sg-11134201-82274-mhpvvefca6mb3a,data/images/253449367_57402386866/img_0.jpg
253449367_24890322816,Rene Strap Flats Olive - Nappa Milano - Sepatu Flat Wanita,https://shopee.co.id/Rene-Strap-Flats-Olive-Nappa-Milano-Sepatu-Flat-Wanita-i.253449367.24890322816,1059000.0,0,"{""36"": 83, ""37"": 83, ""38"": 83, ""39"": 83, ""40"": 83}","36, 37, 38, 39, 40",Sepatu Wanita > Sepatu Flat > Pointed Flats,NAPPA MILANO,Indonesia,,Kulit,KAB. TANGERANG,4.9,16,58,"The Rene Strap Flats combine simplicity and elegance. Featuring clean lines, a soft
almond toe, and a stylish strap, they offer both character and functionality.
Features:
-Elegant strap design for both style and comfort.
-Adjustable strap.
-Lightweight and comfortable for all-day wear.
Materials:
- Upper: Nappa Leather
- Lining: Textile
- Outsole: Lightweight Rubber
- Construction: Cementing",https://down-id.img.susercontent.com/file/sg-11134201-7ra24-m4sqrq08oq5nb1_tn,data/images/253449367_24890322816/img_0.jpg
253449367_27362408584,Piatta Double Strap Black - Nappa Milano - Sepatu Flat Wanita,https://shopee.co.id/Piatta-Double-Strap-Black-Nappa-Milano-Sepatu-Flat-Wanita-i.253449367.27362408584,749000.0,0,"{""36"": 6, ""37"": 0, ""38"": 0, ""39"": 0, ""40"": 0, ""41"": 0, ""42"": 0}",36,"Sepatu Wanita > Slip Ons, Mary Janes & Mules",NAPPA MILANO,Indonesia,Flat Shoes,,KAB. TANGERANG,5.0,85,300,"For packaging protection, please add bubble wrap to your order (will add 1 kg to your total order weight)
https://shopee.co.id/product/253449367/22320248351/
Designed for comfort and elegance, The Piatta Double Strap features a sophisticated double strap design that adds a touch of modern flair to a classic silhouette.
Features:
- Double Strap Design: The distinctive double strap design ensures a secure fit while enhancing the shoes' visual appeal. It is perfectly balanced for both formal and casual occasions.
- Superior Comfort: The Piatta shoes, crafted with a cushioned insole and outsole made of fiber rubber, provide all-day comfort without compromising on style.
- Premium Materials: Made with high-quality materials, these shoes boast durability and a refined finish.
- Timeless & Versatile: Available in various colors, from timeless neutrals to vibrant hues, the Piatta flats effortlessly complement any outfit, making them a must-have addition to your wardrobe.
Materials:
- Upper: Nappa Leather
- Lining: Soft Garment
- Outsole: Fiber Rubber
- Construction: Cemented",https://down-id.img.susercontent.com/file/sg-11134201-7rdwm-m0mlf5xdvs3od5_tn,data/images/253449367_27362408584/img_0.jpg
253449367_27989579921,Rene Line Flats Brown - Nappa Milano - Sepatu Kulit Wanita,https://shopee.co.id/Rene-Line-Flats-Brown-Nappa-Milano-Sepatu-Kulit-Wanita-i.253449367.27989579921,749000.0,0,"{""36"": 0, ""37"": 0, ""38"": 1, ""39"": 0}",38,Sepatu Wanita > Sepatu Flat > Rounded Toe Flats,NAPPA MILANO,Indonesia,,Kulit,KAB. TANGERANG,,,6,"The Rene Line Flats feature a clean square toe and smooth leather upper, finished with a distinctive inner lining that subtly contrasts with the outer color—adding quiet character to an otherwise minimalist silhouette. Designed with a flattering low-cut shape and soft insole, these flats are made to move with you comfortably through any moment of your day. Available in Black, Blue, and Brown
Materials:
- Upper: Natural Milling Leather
- Lining: Textile
- Outsole: Lightweight Rubber
- Construction: Cementing",https://down-id.img.susercontent.com/file/sg-11134201-7rdws-md4hqus9cqc46f_tn,data/images/253449367_27989579921/img_0.jpg
253449367_20330739880,Pam Penny Maroon - Nappa Milano - Sepatu Wanita,https://shopee.co.id/Pam-Penny-Maroon-Nappa-Milano-Sepatu-Wanita-i.253449367.20330739880,1009000.0,0,"{""36"": 58, ""37"": 58, ""38"": 58, ""39"": 58, ""40"": 58, ""41"": 0, ""42"": 0}","36, 37, 38, 39, 40",Sepatu Wanita > Loafers & Boat Shoes,NAPPA MILANO,Indonesia,,Kulit,KAB. TANGERANG,4.9,123,370,"For packaging protection, please add bubble wrap to your order (will add 1 kg to your total order weight)
https://shopee.co.id/product/253449367/22320248351/
The Penny collection is the perfect combination of both elegances and effortless. The slick yet effortless design, undoubtedly comfort from their cushy sole, is an excellent addition to your sophisticated everyday companions. Choose either of their flattering colors, Black or Maroon.
Upper Material: Brush-Off Leather
Outsole: Lightweight Rubber
Insole: Injected Rubber
Construction: Cemented
Lining: Soft Garment",https://down-id.img.susercontent.com/file/a90ac223a7392cdfe18d54c7c8607a7f,data/images/253449367_20330739880/img_0.jpg
253449367_20560266480,Mocc Tassel Brown - Nappa Milano - Sepatu Formal Pria,https://shopee.co.id/Mocc-Tassel-Brown-Nappa-Milano-Sepatu-Formal-Pria-i.253449367.20560266480,739000.0,0,"{""39"": 0, ""40"": 0, ""41"": 0, ""42"": 0, ""43"": 4, ""44"": 0, ""45"": 0}",43,Sepatu Pria > Slip-On & Mules,NAPPA MILANO,Indonesia,,,KAB. TANGERANG,5.0,37,104,"CEK SIZE CHART DI FOTO SLIDE TERAKHIR / PANDUAN UKURAN
Need a touch of extra sophistication to your formal look? We present to you Mocc Tassel. This pair is made with hand-painted Vegetable Leather and embellished with tassels, and it signifies taste and elegance that can instantly elevate most outfits in your wardrobe.
Upper: Hand-painted Vegetable Leather
Outsole: Eva Rubber
Lining: Soft Garment",https://down-id.img.susercontent.com/file/sg-11134201-7rbmm-m5sh8sv3n8k7be_tn,data/images/253449367_20560266480/img_0.jpg
253449367_28173087395,Rene Classic Flats Black - Nappa Milano - Flat Shoes Wanita,https://shopee.co.id/Rene-Classic-Flats-Black-Nappa-Milano-Flat-Shoes-Wanita-i.253449367.28173087395,1039000.0,0,"{""36"": 80, ""37"": 80, ""38"": 80, ""39"": 80, ""40"": 80, ""41"": 80}","36, 37, 38, 39, 40, 41",Sepatu Wanita > Sepatu Flat > Pointed Flats,NAPPA MILANO,Indonesia,,Kulit,KAB. TANGERANG,5.0,31,120,"Clean, sleek, and versatile. The Rene Classic Flats feature a pointed-toe design that
pairs effortlessly with casual and formal looks. Its slip-on style ensures all-day ease.
Features:
-Sleek, pointed-toe design for a modern yet timeless look.
-Lightweight and comfortable for all-day wear
Materials:
- Upper: Nappa Leather
- Lining: Textile
- Outsole: Lightweight Rubber
- Construction: Cementing",https://down-id.img.susercontent.com/file/sg-11134201-7ra2u-m4sqsjg5n3z270_tn,data/images/253449367_28173087395/img_0.jpg
253449367_23738863366,Leon Slip On Broken White Nappa Milano,https://shopee.co.id/Leon-Slip-On-Broken-White-Nappa-Milano-i.253449367.23738863366,779000.0,0,"{""36"": 0, ""37"": 0, ""38"": 0, ""39"": 0, ""40"": 0, ""41"": 0, ""42"": 0, ""43"": 6, ""44"": 6, ""45"": 0}","43, 44","Sepatu Wanita > Slip Ons, Mary Janes & Mules",NAPPA MILANO,,,,KAB. TANGERANG,4.9,59,162,"For packaging protection, please add bubble wrap to your order (will add 1 kg to your total order weight)
https://shopee.co.id/product/253449367/22320248351/
In a hurry but still seeking comfort and elegance? Then, Leon Slip-On is your answer! Leon is an easygoing, breathable and unique sandal collection with its Mexican huarache's woven-inspired design and a gold coin detail accentuating its elegance. With the slip-on design, Leon Slip-On gives you that ideal custom fit and keeps you moving all day comfortably. They're easy to coordinate with your everyday outfits!
Available in black, brown and broken white colours.
Materials:
- Nappa Leather.
- Lamb Skin Lining.
- Eva Rubber Outsole.
- Non-detachable Coin Detail.",https://down-id.img.susercontent.com/file/sg-11134201-7rdwo-m09lizfawwfib4,data/images/253449367_23738863366/img_0.jpg
253449367_25140343275,Rene Strap Flats Mocha - Nappa Milano - Sepatu Flat Wanita,https://shopee.co.id/Rene-Strap-Flats-Mocha-Nappa-Milano-Sepatu-Flat-Wanita-i.253449367.25140343275,779000.0,0,"{""36"": 0, ""37"": 0, ""38"": 0, ""39"": 0, ""40"": 0}","36, 37, 38, 39, 40",Sepatu Wanita > Sepatu Flat > Pointed Flats,NAPPA MILANO,Indonesia,,Kulit,KAB. TANGERANG,5.0,44,189,"The Rene Strap Flats combine simplicity and elegance. Featuring clean lines, a soft
almond toe, and a stylish strap, they offer both character and functionality.
Features:
-Elegant strap design for both style and comfort.
-Adjustable strap.
-Lightweight and comfortable for all-day wear.
Materials:
- Upper: Nappa Leather
- Lining: Textile
- Outsole: Lightweight Rubber
- Construction: Cementing",https://down-id.img.susercontent.com/file/sg-11134201-7ra0v-m4tw8ax716dc02_tn,data/images/253449367_25140343275/img_0.jpg
253449367_27735991541,Sax Savant - Eau De Parfum 50ml Vanilla Musk,https://shopee.co.id/Sax-Savant-Eau-De-Parfum-50ml-Vanilla-Musk-i.253449367.27735991541,999000.0,0,{},,Perawatan & Kecantikan > Parfum & Wewangian > Parfum & Wewangian Unisex,-,Indonesia,,,KAB. TANGERANG,4.9,9,30,"The lights dim. A hush falls over the room as the saxophonist steps onto the stage, fingers grazing the cool brass of his instrument. He inhales, then exhales through the reed—his first note, deep and fluid, cutting through the smoky air.
The melody sways, smooth as vanilla, warm as sandalwood. Each note lingers, carried by the hum of musk, steady and rich beneath the tune. The final chord fades, but the feeling remains—soulful, intimate, everlasting.
Sax Savant, The Blues, can last up to 8 hours.
Top: Brass.
Middle: Musk.
Base: Vanilla, Ambrette Seed, Sandalwood.
Eau de Parfum
50ml
BPOM: NA18250601129",https://down-id.img.susercontent.com/file/sg-11134201-7rffz-m9d357qau2sica_tn,data/images/253449367_27735991541/img_0.jpg
253449367_49701391586,Rene Strap Flats Moss (Suede) - Nappa Milano - Sepatu Flat Wanita,https://shopee.co.id/Rene-Strap-Flats-Moss-(Suede)-Nappa-Milano-Sepatu-Flat-Wanita-i.253449367.49701391586,1049000.0,0,"{""36"": 93, ""37"": 93, ""38"": 93, ""39"": 93, ""40"": 93}","36, 37, 38, 39, 40",Sepatu Wanita > Sepatu Flat > Pointed Flats,NAPPA MILANO,Indonesia,,Kulit,KAB. TANGERANG,4.9,9,36,"The Rene Strap Flats combine simplicity and elegance with clean lines, a soft almond toe, and a stylish adjustable strap that offers both character and functionality. Designed for all-day wear, these lightweight flats provide effortless comfort while maintaining a refined, elegant look. Available in color black, brown, mocha, olive, cherry, moss and burgundy.
Materials:
- Upper: Suede Leather
- Lining: Textile
- Outsole: Lightweight Rubber
- Construction: Cementing",https://down-id.img.susercontent.com/file/sg-11134201-821e7-mh1cqh5mzocv49_tn,data/images/253449367_49701391586/img_0.jpg
253449367_57456236036,Leis Slides Beige - Nappa Milano - Sandal Unisex,https://shopee.co.id/Leis-Slides-Beige-Nappa-Milano-Sandal-Unisex-i.253449367.57456236036,799000.0,0,"{""36"": 0, ""37"": 0, ""38"": 2, ""39"": 0, ""40"": 0, ""41"": 0, ""42"": 0, ""43"": 0, ""44"": 0, ""45"": 0}",38,Sepatu Pria > Sandal > Sandal Slide,NAPPA MILANO,,,Suede,KAB. TANGERANG,5.0,7,29,"Built for easy wear with a unique yet minimal shape. LEIS Slides feature a wide suede leather upper that offers coverage and a relaxed fit. The lambskin insole delivers softness and comfort, while the lightweight EVA rubber outsole ensures flexibility and support. Designed for effortless on-and-off wear with a clean, modern look.
Materials:
- Upper: Suede Leather
- Insole: Lamb skin
- Outsole: EVA Rubber
- Construction: Cemented",https://down-id.img.susercontent.com/file/sg-11134201-825zw-mkrq0aobz9xfce_tn,data/images/253449367_57456236036/img_0.jpg
253449367_55906236105,Leis Flip-Flop Beige - Nappa Milano - Sandal Unisex,https://shopee.co.id/Leis-Flip-Flop-Beige-Nappa-Milano-Sandal-Unisex-i.253449367.55906236105,859000.0,0,"{""36"": 0, ""37"": 0, ""38"": 0, ""39"": 0, ""40"": 0, ""41"": 0, ""42"": 0, ""43"": 0, ""44"": 1, ""45"": 0}",44,Sepatu Wanita > Sandal > Sandal Jepit,NAPPA MILANO,Indonesia,,Karet,KAB. TANGERANG,5.0,1,3,"A refined take on the classic flip flop. LEIS Flip Flops feature suede leather straps with a clean, minimal profile. Lightweight, simple, and easy to wear, this design is made for warm-weather ease. The lambskin insole enhances comfort with a soft feel underfoot, paired with a flexible EVA rubber outsole for everyday movement.
Materials:
- Upper: Suede Leather
- Insole: Lamb skin
- Outsole: EVA Rubber
- Construction: Cemented",https://down-id.img.susercontent.com/file/sg-11134201-8260t-mkrqebwzvda8e5_tn,data/images/253449367_55906236105/img_0.jpg
253449367_56156240734,Leis Slippers Black - Nappa Milano - Sandal Unisex,https://shopee.co.id/Leis-Slippers-Black-Nappa-Milano-Sandal-Unisex-i.253449367.56156240734,1029000.0,0,"{""36"": 0, ""37"": 0, ""38"": 2, ""39"": 2, ""40"": 0, ""41"": 0, ""42"": 0, ""43"": 0, ""44"": 0, ""45"": 0}","38, 39",Sepatu Pria > Sandal > Sandal Slide,NAPPA MILANO,Indonesia,Slide,Suede,KAB. TANGERANG,5.0,20,42,"Designed with a closed-toe silhouette for a clean, structured look. LEIS Slippers feature a soft suede leather upper with an adjustable buckle detail for a secure fit. The lambskin insole adds a smooth, cushioned feel, while the lightweight EVA rubber outsole provides flexibility and everyday durability. A relaxed design that balances coverage, comfort, and ease.
Materials:
- Upper: Suede Leather
- Insole: Lamb skin
- Outsole: EVA Rubber
- Construction: Cemented",https://down-id.img.susercontent.com/file/sg-11134201-8260l-mkrqgveeh9fkd5_tn,data/images/253449367_56156240734/img_0.jpg
253449367_43504264612,Rene Split Olive,https://shopee.co.id/Rene-Split-Olive-i.253449367.43504264612,969000.0,0,"{""36"": 0, ""37"": 0, ""38"": 0, ""39"": 0, ""40"": 0}","36, 37, 38, 39, 40","Sepatu Wanita > Slip Ons, Mary Janes & Mules",NAPPA MILANO,,,,KAB. TANGERANG,4.9,33,146,"Materials:
- Upper: Nappa Leather
- Lining: Textile
- Outsole: Lightweight Rubber
- Construction: Cementing",https://down-id.img.susercontent.com/file/sg-11134201-7rauy-mawim99fm489a1,data/images/253449367_43504264612/img_0.jpg
253449367_52853818157,Lacy Ballet Flats Blush - Nappa Milano - Sepatu Flat Wanita,https://shopee.co.id/Lacy-Ballet-Flats-Blush-Nappa-Milano-Sepatu-Flat-Wanita-i.253449367.52853818157,829000.0,0,"{""36"": 25, ""37"": 25, ""38"": 25, ""39"": 25, ""40"": 25, ""41"": 0}","36, 37, 38, 39, 40",Sepatu Wanita > Sepatu Flat > Rounded Toe Flats,NAPPA MILANO,,,Kulit,KAB. TANGERANG,5.0,7,29,"A soft and feminine take on the classic ballet flat. Designed with an elastic strap for a touch of charm and a secure fit, the Lacy Ballet Flats add effortless elegance to your everyday looks — from casual strolls to dressier moments. Available in: White, Black, Red, and Silver.
Materials:
- Upper: Lamb Skin
- Lining: Textile
- Outsole: Lightweight Rubber
- Construction: Cementing",https://down-id.img.susercontent.com/file/sg-11134201-81zw9-mir31r8wm7lw08_tn,data/images/253449367_52853818157/img_0.jpg
253449367_8986323300,Gilly Tassel Black - Nappa Milano - Sepatu Wanita,https://shopee.co.id/Gilly-Tassel-Black-Nappa-Milano-Sepatu-Wanita-i.253449367.8986323300,1039000.0,0,"{""36"": 35, ""37"": 35, ""38"": 35, ""39"": 35, ""40"": 0, ""41"": 0, ""42"": 0}","36, 37, 38, 39",Sepatu Wanita > Loafers & Boat Shoes,NAPPA MILANO,Indonesia,,Kulit,KAB. TANGERANG,4.9,146,367,"For packaging protection, please add bubble wrap to your order (will add 1 kg to your total order weight)
https://shopee.co.id/product/253449367/22320248351/
Nappa Milano Gilly Tassel Sepatu Formal Wanita merupakan sepatu formal wanita berbahan kulit sapi asli dengan gaya vintage digabungkan dengan aksen modern. Memastikan kamu mendapatkan look yang natural dan nyaman.
Sepatu formal wanita
Material: Kulit Sapi asli (Nappa Leather)
Lining dalam: Soft Garmen
Sol: Karet Fiber
Konstruksi: Cementing",https://down-id.img.susercontent.com/file/sg-11134201-7rbnl-lqkc87a0latjea,data/images/253449367_8986323300/img_0.jpg
253449367_50100959246,Posy Kicks Black - Nappa Milano - Sepatu Sneakers Wanita,https://shopee.co.id/Posy-Kicks-Black-Nappa-Milano-Sepatu-Sneakers-Wanita-i.253449367.50100959246,819000.0,0,"{""36"": 0, ""37"": 45, ""38"": 45, ""39"": 45, ""40"": 45, ""41"": 45, ""42"": 0}","37, 38, 39, 40, 41",Sepatu Wanita > Sneakers,NAPPA MILANO,Indonesia,,,KAB. TANGERANG,4.7,3,9,"Posy Kicks are the latest addition to the Posy Collection. These sneakers feature a combination of boxy leather and suede, creating a refined contrast that enhances your everyday style. With sleek lines and a subtle shine, they add a modern and confident touch to any outfit. Lightweight and comfortable, the Posy Kicks are designed to kick up your style whether you're running weekday errands or enjoying a weekend stroll. Available in two color options: black and wine.
Materials:
- Upper: Boxy Leather & Suede Leather
- Lining: Textile
- Outsole: Lightweight Rubber
- Construction: Cementing",https://down-id.img.susercontent.com/file/sg-11134201-821ft-mgrnct8yvwgee7_tn,data/images/253449367_50100959246/img_0.jpg
253449367_21520882587,Pam Laces Maroon - Nappa Milano - Sepatu Wanita,https://shopee.co.id/Pam-Laces-Maroon-Nappa-Milano-Sepatu-Wanita-i.253449367.21520882587,889000.0,0,"{""36"": 4, ""37"": 0, ""38"": 0, ""39"": 0, ""40"": 0, ""41"": 0, ""42"": 0}",36,Sepatu Wanita > Sepatu Oxford,NAPPA MILANO,Indonesia,,,KAB. TANGERANG,4.8,140,347,"For packaging protection, please add bubble wrap to your order (will add 1 kg to your total order weight)
https://shopee.co.id/product/253449367/22320248351/
Nappa Milano's first women Derby shoes with lightweight chunky outsole! Beautiful maroon colour that compliments every skintone and outfit color scheme. This is truly your statement piece!
Upper Material: Brush Off Leather
Outsole: Lightweight Rubber
Insole: Injected Rubber
Construction: Cemented
Lining: Soft Garment",https://down-id.img.susercontent.com/file/sg-11134201-7rbl1-lqk9ffxiqhq2c3,data/images/253449367_21520882587/img_0.jpg
253449367_18220881296,Pam Laces Black - Nappa Milano - Sepatu Wanita,https://shopee.co.id/Pam-Laces-Black-Nappa-Milano-Sepatu-Wanita-i.253449367.18220881296,949000.0,0,"{""36"": 10, ""37"": 0, ""38"": 0, ""39"": 0, ""40"": 0, ""41"": 0, ""42"": 0}",36,Sepatu Wanita > Sepatu Oxford,NAPPA MILANO,Indonesia,,,KAB. TANGERANG,4.8,107,292,"Nappa Milano's first women Derby shoes with lightweight chunky outsole! Beautiful maroon colour that compliments every skintone and outfit color scheme. This is truly your statement piece!
Upper Material: Brush Off Leather
Outsole: Lightweight Rubber
Insole: Injected Rubber
Construction: Cemented
Lining: Soft Garment",https://down-id.img.susercontent.com/file/sg-11134201-7rccl-lrsgrbipd2qrf8,data/images/253449367_18220881296/img_0.jpg
253449367_9886309876,Gilly Fringe Black - Nappa Milano - Sepatu Wanita,https://shopee.co.id/Gilly-Fringe-Black-Nappa-Milano-Sepatu-Wanita-i.253449367.9886309876,929000.0,0,"{""36"": 15, ""37"": 15, ""38"": 0, ""39"": 0, ""40"": 0, ""41"": 0, ""42"": 0}","36, 37",Sepatu Wanita > Loafers & Boat Shoes,NAPPA MILANO,Indonesia,,Kulit,KAB. TANGERANG,4.9,115,327,"For packaging protection, please add bubble wrap to your order (will add 1 kg to your total order weight)
https://shopee.co.id/product/253449367/22320248351/
An adorable one-of-a-kind design with fringe and metal buckle details on the front. Inspired by the classic fashion of 1930 with a modern twist, this pair has a smooth polished finish and assures a comfortable wear for your daily companion.
Upper material: Nappa Leather
Lining: Soft Garment
Outsole: Fiber Rubber",https://down-id.img.susercontent.com/file/sg-11134201-7rbmd-lqkc7ldqmugaf0,data/images/253449367_9886309876/img_0.jpg
253449367_56561651076,Gail Dainty Red,https://shopee.co.id/Gail-Dainty-Red-i.253449367.56561651076,979000.0,0,"{""36"": 36, ""37"": 36, ""38"": 36, ""39"": 36, ""40"": 36}","36, 37, 38, 39, 40",Sepatu Pria > Sepatu Formal > Loafer,NAPPA MILANO,,,,KAB. TANGERANG,,,2,"Gail Dainty introduces a softer side of Gail — combining feminine details with the comfort and ease of an everyday sneaker. Designed with a lightweight feel, soft elastic finishing, and delicate lace accents, the silhouette brings a playful yet effortless touch to daily wear. Easy to style and comfortable to move in, Gail Dainty is made for girls who love the comfort sneakers bring, but with a softer, more feminine touch.
Materials:
- Upper: Suede Leather & Nylon
- Lining: Textile
- Outsole: Lightweight Rubber
- Construction: Cementing",https://down-id.img.susercontent.com/file/sg-11134201-823pe-mp1v7934vaps16,data/images/253449367_56561651076/img_0.jpg
253449367_50902386892,Nappa Non-Selvedge Denim Mid-High Rise Indigo,https://shopee.co.id/Nappa-Non-Selvedge-Denim-Mid-High-Rise-Indigo-i.253449367.50902386892,1029000.0,0,"{""30"": 0, ""32"": 12, ""34"": 12, ""36"": 12, ""38"": 12}","32, 34, 36, 38",Pakaian Pria > Denim > Celana Jeans Panjang,-,,,Denim,KAB. TANGERANG,5.0,1,2,"A 1950s-inspired mid–high rise jean with a clean regular straight silhouette. Crafted from 15 oz deep indigo denim, pre-washed for improved softness, comfort, and reduced color transfer.
Details include gold stitching, signature penny arcuate, low-impact BCI cotton pocket lining, black laurel leaf hardware, and Nappa Milano’s signature leather patch.
Details:
- Fitment: Regular Straight, Mid-High Rise
- Fabric: 15 oz deep indigo selvedge sanforized fabric
- Gold Stitching
- Nappa Milano signature penny Arcuate
- 92% tencel fabric Pocket Lining
- 17mm laurel leaf button - Black
- 14mm laurel leaf button - Black
- 9.5mm washer burr rivet
- Nappa Milano Signature leather patch",https://down-id.img.susercontent.com/file/sg-11134201-8225s-mhpvuh4spp8o8a,data/images/253449367_50902386892/img_0.jpg
253449367_19889708207,Quinn Penny Black- Nappa Milano - Sepatu Unisex,https://shopee.co.id/Quinn-Penny-Black-Nappa-Milano-Sepatu-Unisex-i.253449367.19889708207,979000.0,0,"{""36"": 0, ""37"": 0, ""38"": 0, ""39"": 0, ""40"": 0, ""41"": 0, ""42"": 0, ""43"": 0, ""44"": 7, ""45"": 0, ""47"": 0, ""46"": 0}",44,Sepatu Pria > Sepatu Formal > Loafer,NAPPA MILANO,Indonesia,,Kulit,KAB. TANGERANG,4.9,519,1RB+,"For packaging protection, please add bubble wrap to your order (will add 1 kg to your total order weight)
https://shopee.co.id/product/253449367/22320248351/
Like the rest of the penny loafers collection, Quinn Penny is a classic loafer with a slip-on design that provides elegance and comfort. Yet, unlike the rest, Quinn is unique with its chic gold-tone coin detail—a nod to the OG penny loafer in the 1930s. Available in black, brown, maroon and frost white colours with different upper materials for each colour.
Materials:
- Upper: Nappa Leather & Non-detachable gold-tone coin.
- Lining: Lamb Skin Lining
- Outsole: EVA Rubber",https://down-id.img.susercontent.com/file/sg-11134201-824hw-me8h93vny39e9c,data/images/253449367_19889708207/img_0.jpg
253449367_15990735503,Noir Penny Loafers - Nappa Milano - Sepatu Kulit Pria,https://shopee.co.id/Noir-Penny-Loafers-Nappa-Milano-Sepatu-Kulit-Pria-i.253449367.15990735503,769000.0,0,"{""39"": 0, ""40"": 0, ""41"": 0, ""42"": 5, ""43"": 0, ""44"": 0, ""45"": 0}",42,Sepatu Pria > Sepatu Formal > Loafer,NAPPA MILANO,Indonesia,,Kulit,KAB. TANGERANG,4.9,831,2RB+,"For packaging protection, please add bubble wrap to your order (will add 1 kg to your total order weight)
https://shopee.co.id/product/253449367/22320248351/
Clean and smart craftsmanship with easy slip-on style. This All-black pair represents the concept of minimalism and simplicity but still putting forward the essence of formal classic. Noir Penny Loafers, your go-to shoes for day and night.
Material: Brush Off Leather
Lining: Lambskin
Outsole: Fiber Rubber
Construction: Cementing with Stitched Outsole",https://down-id.img.susercontent.com/file/sg-11134201-7rbmg-lmvsxyuhkogg42,data/images/253449367_15990735503/img_0.jpg
253449367_42911864140,Rene Bare Flats Beige - Nappa Milano - Sepatu Kulit Wanita,https://shopee.co.id/Rene-Bare-Flats-Beige-Nappa-Milano-Sepatu-Kulit-Wanita-i.253449367.42911864140,849000.0,0,"{""36"": 19, ""37"": 19, ""38"": 19, ""39"": 19, ""40"": 19}","36, 37, 38, 39, 40",Sepatu Wanita > Sepatu Flat > Rounded Toe Flats,NAPPA MILANO,Indonesia,,,KAB. TANGERANG,5.0,3,10,"Designed to feel like a second skin, the Rene Bare Flats offer ultra-minimalist style with all-day comfort. Made from soft suede with a barely-there silhouette, this pair hugs your feet gently while giving just enough structure with its clean front seam and elegant dip at the vamp. Light, easy, and versatile—perfect for those who love the feeling of less. Available in Cream, Tan, and Brown
Materials:
- Upper: Suede Leather
- Lining: Textile
- Outsole: Lightweight Rubber
- Construction: Cementing",https://down-id.img.susercontent.com/file/sg-11134201-7rdxo-md4i1gqueez8a3_tn,data/images/253449367_42911864140/img_0.jpg
253449367_25586466001,Piatta Double Strap White - Nappa Milano - Sepatu Flat Wanita,https://shopee.co.id/Piatta-Double-Strap-White-Nappa-Milano-Sepatu-Flat-Wanita-i.253449367.25586466001,839000.0,0,"{""36"": 6, ""37"": 0, ""38"": 0, ""39"": 0, ""40"": 0, ""41"": 0, ""42"": 6}","36, 42","Sepatu Wanita > Slip Ons, Mary Janes & Mules",NAPPA MILANO,Indonesia,Flat Shoes,,KAB. TANGERANG,5.0,14,41,"For packaging protection, please add bubble wrap to your order (will add 1 kg to your total order weight)
https://shopee.co.id/product/253449367/22320248351/
Designed for comfort and elegance, The Piatta Double Strap features a sophisticated double strap design that adds a touch of modern flair to a classic silhouette.
Features:
- Double Strap Design: The distinctive double strap design ensures a secure fit while enhancing the shoes' visual appeal. It is perfectly balanced for both formal and casual occasions.
- Superior Comfort: The Piatta shoes, crafted with a cushioned insole and outsole made of fiber rubber, provide all-day comfort without compromising on style.
- Premium Materials: Made with high-quality materials, these shoes boast durability and a refined finish.
- Timeless & Versatile: Available in various colors, from timeless neutrals to vibrant hues, the Piatta flats effortlessly complement any outfit, making them a must-have addition to your wardrobe.
Materials:
- Upper: Nappa Leather
- Lining: Soft Garment
- Outsole: Fiber Rubber
- Construction: Cemented",https://down-id.img.susercontent.com/file/id-11134207-7rase-m0mrpj0gx0rk12_tn,data/images/253449367_25586466001/img_0.jpg
253449367_20530740220,Pam Penny Black - Nappa Milano - Sepatu Wanita,https://shopee.co.id/Pam-Penny-Black-Nappa-Milano-Sepatu-Wanita-i.253449367.20530740220,739000.0,0,"{""36"": 89, ""37"": 89, ""38"": 89, ""39"": 89, ""40"": 89, ""41"": 0, ""42"": 0}","36, 37, 38, 39, 40",Sepatu Wanita > Loafers & Boat Shoes,NAPPA MILANO,,,,KAB. TANGERANG,4.8,96,315,"For packaging protection, please add bubble wrap to your order (will add 1 kg to your total order weight)
https://shopee.co.id/product/253449367/22320248351/
The Penny collection is the perfect combination of both elegances and effortless. The slick yet effortless design, undoubtedly comfort from their cushy sole, is an excellent addition to your sophisticated everyday companions. Choose either of their flattering colors, Black or Maroon.
Upper Material: Brush-Off Leather
Outsole: Lightweight Rubber
Insole: Injected Rubber
Construction: Cemented
Lining: Soft Garment",https://down-id.img.susercontent.com/file/id-11134207-7r98s-lz8jvah9qsyw33,data/images/253449367_20530740220/img_0.jpg
253449367_41775443776,Piatta Curve Black - Nappa Milano - Sepatu Flat Wanita,https://shopee.co.id/Piatta-Curve-Black-Nappa-Milano-Sepatu-Flat-Wanita-i.253449367.41775443776,909000.0,0,"{""36"": 0, ""37"": 0, ""38"": 6, ""39"": 0, ""40"": 6, ""41"": 0, ""42"": 0}","38, 40","Sepatu Wanita > Slip Ons, Mary Janes & Mules",NAPPA MILANO,Indonesia,,,KAB. TANGERANG,4.9,9,40,"Piatta Curve marks a new evolution of our signature Piatta collection, introducing a unique interpretation of classic comfort. Its distinctive curved upper brings a sense of fluidity and modern refinement to the timeless silhouette.
Crafted in soft suede leather — a first for the Piatta line — it offers new depth in tone, texture, and comfort. Designed with a cushioned insole and a square toe for a modern finish, Piatta Curve is available in timeless shades of Black and Brown.
Materials:
- Upper: Suede Leather
- Lining: Textile
- Outsole: Lightweight Rubber
- Construction: Cementing",https://down-id.img.susercontent.com/file/sg-11134201-8258b-mg4stz5geia444_tn,data/images/253449367_41775443776/img_0.jpg
253449367_45202300917,Luther Penny Maroon - Nappa Milano - Sepatu Kulit Pria,https://shopee.co.id/Luther-Penny-Maroon-Nappa-Milano-Sepatu-Kulit-Pria-i.253449367.45202300917,709000.0,0,"{""39"": 0, ""40"": 0, ""41"": 0, ""42"": 0, ""43"": 0, ""44"": 14, ""45"": 14, ""46"": 0}","44, 45",Sepatu Pria > Sepatu Formal > Loafer,NAPPA MILANO,Indonesia,,Kulit,KAB. TANGERANG,4.9,56,185,"Meet the Luther Penny, an easy, polished loafer made for everyday wear. Crafted from soft Nappa leather and lined with smooth garment leather, it feels as good as it looks. The lightweight rubber sole keeps you comfortable on the move.
Easy to wear and easy to style, Luther Penny is available in Black, Brown, and Maroon. Luther effortlessly enhances your overall look, combining prestige with timeless appeal—the perfect choice for days when you want to look sharp without trying too hard.
Materials:
- Upper: Nappa leather
- Lining: Garment
- Outsole: Lightweight Rubber
- Construction: Cementing",https://down-id.img.susercontent.com/file/sg-11134201-82267-mhlz12ogy0oy0d,data/images/253449367_45202300917/img_0.jpg
253449367_26674315911,Gail Sneakers Red - Nappa Milano - Sepatu Sneakers Wanita,https://shopee.co.id/Gail-Sneakers-Red-Nappa-Milano-Sepatu-Sneakers-Wanita-i.253449367.26674315911,1049000.0,0,"{""36"": 2, ""37"": 0, ""38"": 0, ""39"": 0, ""40"": 0}",36,Sepatu Wanita > Sneakers,NAPPA MILANO,Indonesia,,,KAB. TANGERANG,4.9,54,156,"Meet Gail, Nappa Milano's first-ever women's sneaker—The Kicks for Every Chicks. Combining retro charm with modern comfort, Gail is designed for every step of your journey.
Features:
- Lightweight and flexible: Ideal for effortless movement and all-day wear.
- Cushioned insole: Provides exceptional comfort with every step.
- Subtle retro-inspired design: A timeless style with a modern twist.
- Versatile appeal: Suitable for any occasion, from running errands to evening outings.
- Available in four colors: Black, Red, Brown, and Tan.
Materials:
- Upper: Suede Leather
- Lining: Textile
- Outsole: Lightweight Rubber
- Construction: Cementing",https://down-id.img.susercontent.com/file/sg-11134201-7ra0r-m5cay7t7069sa4_tn,data/images/253449367_26674315911/img_0.jpg
253449367_45052407137,Nappa Selvedge Denim Mid-High Rise Gold Stitching,https://shopee.co.id/Nappa-Selvedge-Denim-Mid-High-Rise-Gold-Stitching-i.253449367.45052407137,939550.0,0,"{""30"": 0, ""32"": 1, ""34"": 0, ""36"": 0, ""38"": 0}",32,Pakaian Pria > Denim > Celana Jeans Panjang,-,,,Denim,KAB. TANGERANG,,,2,"A silhouette inspired by 1950s denim—mid to high rise with a regular straight fit. Made from 14.5 oz extra deep indigo selvedge, pre-washed for softened comfort, reduced crocking, and a subtly brightened tone that mimics daily-worn raw denim. Finished with gold stitching, exposed selvedge coin pocket, signature penny arcuate, BCI cotton pocket lining, black laurel leaf hardware, and our signature leather patch.
Details:
- Fitment: Regular Straight, Mid-High Rise
- Fabric: 14.5 oz extra deep indigo selvedge sanforized fabric
- Gold Stitching
- Nappa Milano signature penny Arcuate
- 92% tencel fabric Pocket Lining
- 17mm laurel leaf button - Black
- 14mm laurel leaf button - Black
- 9.5mm washer burr rivet
- Exposed selvedge coin pocket
- Nappa Milano Signature leather patch",https://down-id.img.susercontent.com/file/sg-11134201-8226t-mhpvtavxx0xse2,data/images/253449367_45052407137/img_0.jpg
253449367_21830733197,Liv Triple Strap Maroon (Women),https://shopee.co.id/Liv-Triple-Strap-Maroon-(Women)-i.253449367.21830733197,839000.0,0,"{""36"": 0, ""37"": 0, ""38"": 0, ""39"": 0, ""40"": 0, ""41"": 0}",,Sepatu Wanita > Sandal > Sandal Jepit & Sandal Lainnya,NAPPA MILANO,Indonesia,,Kulit,,5.0,26,63,"For packaging protection, please add bubble wrap to your order (will add 1 kg to your total order weight)
https://shopee.co.id/product/253449367/22320248351/
This pair is heaven-made! Easy slide-on pair with three upper straps and cushy lining. Combine them with your most favored clothing and win the day!
Masterly crafted using Brush-off Leather which allows a glossy and vivid color pay-off! Available in Black and Maroon colour.
Material: Brush-off Leather
Lining: Soft Garment
Outsole: Lightweight Rubber
Construction: Cementing",https://down-id.img.susercontent.com/file/e58f3c5a86f240240a5e398259b32dfc,data/images/253449367_21830733197/img_0.jpg
253449367_43504264612,Rene Split Olive,https://shopee.co.id/Rene-Split-Olive-i.253449367.43504264612,839000.0,0,"{""36"": 0, ""37"": 0, ""38"": 0, ""39"": 0, ""40"": 0}","36, 37, 38, 39, 40","Sepatu Wanita > Slip Ons, Mary Janes & Mules",NAPPA MILANO,,,,KAB. TANGERANG,4.9,33,146,"Materials:
- Upper: Nappa Leather
- Lining: Textile
- Outsole: Lightweight Rubber
- Construction: Cementing",https://down-id.img.susercontent.com/file/sg-11134201-7rauy-mawim99fm489a1,data/images/253449367_43504264612/img_0.jpg
253449367_23476345470,Ruby Chain - Nappa Milano - Sepatu Wanita,https://shopee.co.id/Ruby-Chain-Nappa-Milano-Sepatu-Wanita-i.253449367.23476345470,699000.0,0,"{""36"": 0, ""37"": 0, ""38"": 0, ""39"": 0, ""40"": 0, ""41"": 0}",,Sepatu Wanita > Loafers & Boat Shoes,NAPPA MILANO,Indonesia,,Kulit,,4.9,43,105,"For packaging protection, please add bubble wrap to your order (will add 1 kg to your total order weight)
https://shopee.co.id/product/253449367/22320248351/
Consider that the original Ruby collection is complete with her new addition of the Ruby Chain design. With the gold hardware details across the vamp polish and its chunky silhouette, this collection oozes the rare and dashing look!
Upper Material: Nappa Leather
Lining: Soft Garment
Outsole: Phylon Rubber
Construction: Cemented
Heel Height: 6cm",https://down-id.img.susercontent.com/file/sg-11134201-7rbks-lqokkzjh2r7mf2,data/images/253449367_23476345470/img_0.jpg
253449367_48706260791,Leis Flip-Flop Black - Nappa Milano - Sandal Unisex,https://shopee.co.id/Leis-Flip-Flop-Black-Nappa-Milano-Sandal-Unisex-i.253449367.48706260791,739000.0,0,"{""36"": 0, ""37"": 0, ""38"": 0, ""39"": 0, ""40"": 0, ""41"": 0, ""42"": 0, ""43"": 0, ""44"": 3, ""45"": 0}",44,Sepatu Pria > Sandal > Sandal Jepit,NAPPA MILANO,,,Suede,KAB. TANGERANG,,,4,"A refined take on the classic flip flop. LEIS Flip Flops feature suede leather straps with a clean, minimal profile. Lightweight, simple, and easy to wear, this design is made for warm-weather ease. The lambskin insole enhances comfort with a soft feel underfoot, paired with a flexible EVA rubber outsole for everyday movement.
Materials:
- Upper: Suede Leather
- Insole: Lamb skin
- Outsole: EVA Rubber
- Construction: Cemented",https://down-id.img.susercontent.com/file/sg-11134201-82608-mkrqf2stmg3o9f_tn,data/images/253449367_48706260791/img_0.jpg
253449367_19561442634,Leather Cleaner,https://shopee.co.id/Leather-Cleaner-i.253449367.19561442634,729000.0,0,{},,Sepatu Pria > Aksesoris & Perawatan Sepatu > Alat Perawatan & Pembersih Sepatu,-,,,,,4.9,38,79,"Perawatan dasar untuk semua barang kulit koleksi Anda. Berfungsi membersihkan kotoran yang melekat pada permukaan kulit ataupun menghilangkan bekas semir pasta yang menebal. Sesuai untuk membersihkan sekaligus melindungi barang kulit seperti sepatu, tas, dompet dan lain sebagainya.
Fungsi utama:
Membantu membersihkan kotoran yang menempel pada Leather",https://down-id.img.susercontent.com/file/sg-11134201-7rcc0-ls6v0z2tio83ee,data/images/253449367_19561442634/img_0.jpg
253449367_57402386866,Gale Soccer Black - Nappa Milano - Sepatu Sneakers Pria,https://shopee.co.id/Gale-Soccer-Black-Nappa-Milano-Sepatu-Sneakers-Pria-i.253449367.57402386866,839000.0,0,"{""40"": 0, ""41"": 0, ""42"": 0, ""43"": 0, ""44"": 2, ""45"": 0}",44,Sepatu Pria > Sneakers,NAPPA MILANO,,,,KAB. TANGERANG,4.9,16,48,"Gale Soccer draws inspiration from the silhouette of classic football footwear, bringing the spirit of the game into everyday life. Designed with flat soles and chosen materials for comfort outside the field, this pair offers soft textures that feel great from the very first step. Gale Soccer pairs well with any outfit, making it a must-have for anyone who craves a distinctive and stylish addition to their daily attire.
Materials:
- Upper: Nubuck leather & Lamb skin leather
- Lining: Lamb skin leather
- Outsole: Lightweight Rubber
- Construction: Cementing",https://down-id.img.susercontent.com/file/sg-11134201-82274-mhpvvefca6mb3a,data/images/253449367_57402386866/img_0.jpg
253449367_18284690408,Nimbo Loafers Nappa Leather Dengan Fringe Dan Tassel,https://shopee.co.id/Nimbo-Loafers-Nappa-Leather-Dengan-Fringe-Dan-Tassel-i.253449367.18284690408,739000.0,0,"{""36"": 0, ""37"": 0, ""38"": 0, ""39"": 0, ""40"": 0, ""41"": 0, ""42"": 0, ""43"": 0, ""44"": 0, ""45"": 0}",,Sepatu Pria > Sepatu Pria Lainnya,-,,,,,4.8,13,30,"This Nappa Milano x Kevinswork collaboration collection is a classic loafer decorated with fringe and tassel accents. True to its name (coming from Nimbostratus cloud— a dark and grey cloud), Nimbo Loafers offers you a dark colour palette upper. But watch out for a hint of blue and pink colour, including a man and woman dancing on the back of each pair—showing that you can still dance the darkness away whenever there's a gloomy day!
Materials:
- Upper: Nappa Leather
- Insole: Injected Phylon Foam
- Construction: Cemented
- Lining: Soft Garment
- Outsole: Lightweight EVA Rubber",https://down-id.img.susercontent.com/file/sg-11134201-7rbmh-lm761zqlqa1m4a,data/images/253449367_18284690408/img_0.jpg
253449367_26060833928,Conrad Fisherman Sandal Coffee - Nappa Milano - Sandal Kulit Pria,https://shopee.co.id/Conrad-Fisherman-Sandal-Coffee-Nappa-Milano-Sandal-Kulit-Pria-i.253449367.26060833928,719000.0,0,"{""39"": 0, ""40"": 58, ""41"": 58, ""42"": 58, ""43"": 58, ""44"": 58, ""45"": 58}","40, 41, 42, 43, 44, 45",Sepatu Pria > Sandal > Sandal Slide,NAPPA MILANO,Indonesia,Tali,Kulit Sapi,KAB. TANGERANG,5.0,6,19,"For packaging protection, please add bubble wrap to your order (will add 1 kg to your total order weight)
https://shopee.co.id/product/253449367/22320248351/
Conrad Fisherman is a luxurious fisherman-inspired sandal, closely resembling the traditional Greek fisherman's sandal of most of the 20th century, designed for those who crave rugged durability and relaxed comfort.
Features:
Breathable Classic Design: A signature T-bar cage silhouette created with interwoven and secure adjustable straps for a comfortable fit that offers enhanced ventilation.
Hand-Painted: Each pair is meticulously painted by skilled artisans to ensure exceptional quality and a perfect look.
Comfort Feeling: Equipped with a cushioned insole and breathable lining, ensuring all-day comfort.
Made with Vegetable Tanned Leather: The 'Vegetable' refers to the tanning process. This process uses natural tannins from tree bark. Vegetable tanning is one of the oldest methods known to man and is still used to this day. This process ensures the leather's durability and elegant look.
Experience an exquisite look and feel with the Conrad Fisherman.
Materials:
- Upper: Hand-Painted Vegetable Tanned Leather
- Outsole: EVA Rubber
- Lining: Garment
- Construction: Cementing",https://down-id.img.susercontent.com/file/sg-11134201-7rdxa-lzybazht4h96a4_tn,data/images/253449367_26060833928/img_0.jpg
253449367_22778384281,Burly Buckle - Sepatu Wanita Kulit Nappa 6cm,https://shopee.co.id/Burly-Buckle-Sepatu-Wanita-Kulit-Nappa-6cm-i.253449367.22778384281,909000.0,0,"{""36"": 0, ""37"": 0, ""38"": 0, ""39"": 0, ""40"": 0, ""41"": 0}",,Sepatu Wanita > Sepatu Oxford,NAPPA MILANO,Indonesia,,,,4.8,136,399,"For packaging protection, please add bubble wrap to your order (will add 1 kg to your total order weight)
https://shopee.co.id/product/253449367/22320248351/
Like the first phase of the Burly collection, this Burly Buckle came with a 6cm chunky sole, but this time, it features dainty and shiny buckle details that are just right for those who want a hint of gold and luxury but in a more lowkey way. Pair them with anything, from casual denim to tailored outfits or evening ensembles.
Upper Material: Nappa Leather
Lining: Soft Garment
Outsole: Phylon Rubber
Construction: Cemented
Heel Height: 6cm",https://down-id.img.susercontent.com/file/sg-11134201-7rbms-lqkco38njzpgb7,data/images/253449367_22778384281/img_0.jpg
253449367_8286331479,GILLY TASSEL TAN WOMEN SHOES - NAPPA MILANO,https://shopee.co.id/GILLY-TASSEL-TAN-WOMEN-SHOES-NAPPA-MILANO-i.253449367.8286331479,739000.0,0,"{""36"": 0, ""37"": 0, ""38"": 0, ""39"": 0, ""40"": 0, ""41"": 0, ""42"": 0}",,Sepatu Wanita > Loafers & Boat Shoes,NAPPA MILANO,Indonesia,,Kulit,,4.9,65,147,"For packaging protection, please add bubble wrap to your order (will add 1 kg to your total order weight)
https://shopee.co.id/product/253449367/22320248351/
A modern redesign of 1930 vintage footwear with a refined glazy finish. Assuring you a stylish-tidy look yet comfortable and breathable wear for office, meetings, presentations, or even nights out.
Upper material: Brush off Leather
Lining: Soft Garment
Outsole: Fiber Rubber
Construction: Cementing",https://down-id.img.susercontent.com/file/a726e87c30fe003b742a054c96d8d3e8,data/images/253449367_8286331479/img_0.jpg
253449367_23824863341,Conrad Cap Toe Coffee - Nappa Milano - Nappa Milano - Sepatu Pria,https://shopee.co.id/Conrad-Cap-Toe-Coffee-Nappa-Milano-Nappa-Milano-Sepatu-Pria-i.253449367.23824863341,1019000.0,0,"{""39"": 0, ""40"": 0, ""41"": 0, ""42"": 0, ""43"": 0, ""44"": 0, ""45"": 0}",,Sepatu Pria > Sepatu Formal > Oxford,NAPPA MILANO,Indonesia,,Kulit,,5.0,10,20,"For packaging protection, please add bubble wrap to your order (will add 1 kg to your total order weight)
https://shopee.co.id/product/253449367/22320248351/
This Conrad is a lace-up cap-toe oxford shoe in the colour coffee. The cap toe's main characteristic is an extra piece of leather added across the toe box. These shoes' clean lines and simplicity are meant to make gentlemen look dapper and elegant at every formal event.
Upper: Hand-painted Vegetable Leather
Outsole: Eva Rubber
Lining: Soft Garment",https://down-id.img.susercontent.com/file/sg-11134201-7rbmq-lqkame5m3msm48,data/images/253449367_23824863341/img_0.jpg
253449367_12199499062,Burly Boots - Nappa Milano - Sepatu Wanita,https://shopee.co.id/Burly-Boots-Nappa-Milano-Sepatu-Wanita-i.253449367.12199499062,849000.0,0,"{""36"": 0, ""37"": 0, ""38"": 0, ""39"": 0, ""40"": 0, ""41"": 0}",,Sepatu Wanita > Boots > Sepatu Boot Fashion,NAPPA MILANO,Indonesia,,Kulit,,4.9,109,233,"For packaging protection, please add bubble wrap to your order (will add 1 kg to your total order weight)
https://shopee.co.id/product/253449367/22320248351/
Classic ankle length boots made from the finest Nappa Leather.
Wander your way, stands out among the crowd! The mono-colour scheme completes the bold and daring look you're looking for!
Upper Material: Nappa Leather
Lining: Soft Garment
Outsole: Phylon Rubber
Construction: Cemented",https://down-id.img.susercontent.com/file/sg-11134201-7rbk0-lkuhh6q081mvec,data/images/253449367_12199499062/img_0.jpg
253449367_18642872273,Luz Buckle Strap Black - Nappa Milano - Sandal Pria,https://shopee.co.id/Luz-Buckle-Strap-Black-Nappa-Milano-Sandal-Pria-i.253449367.18642872273,869000.0,0,"{""39"": 0, ""40"": 0, ""41"": 0, ""42"": 0, ""43"": 0, ""44"": 0, ""45"": 0}","40, 41, 42, 43, 44, 45",Sepatu Wanita > Sandal > Sandal Jepit & Sandal Lainnya,NAPPA MILANO,Indonesia,,,KAB. TANGERANG,4.8,316,691,"It’s full top to bottom! Luz Buckle Strap allows an edgy touch to your look. Secure the fit with metal buckle which adds different texture.
Masterly crafted using Brush-off Leather which allows a glossy and vivid color pay-off!
Available in Maroon and Black colour
Material: Brush-off Leather
Lining: Soft Garment
Outsole: Lightweight Rubber
Construction: Cementing",https://down-id.img.susercontent.com/file/sg-11134201-7rbkf-lqeav056tw8074,data/images/253449367_18642872273/img_0.jpg
253449367_19837835876,Burly Tassel Sepatu Wanita Nappa Leather Chic,https://shopee.co.id/Burly-Tassel-Sepatu-Wanita-Nappa-Leather-Chic-i.253449367.19837835876,1009000.0,0,"{""36"": 0, ""37"": 0, ""38"": 0, ""39"": 0, ""40"": 0, ""41"": 0}",,Sepatu Wanita > Loafers & Boat Shoes,NAPPA MILANO,Indonesia,,Kulit,,4.9,281,738,"For packaging protection, please add bubble wrap to your order (will add 1 kg to your total order weight)
https://shopee.co.id/product/253449367/22320248351/
Dainty tassel accent and 'burly' outsole combined providing a chic look while still maintaining the boldness of the shoe. Made from the finest Nappa Leather and the mono-colour scheme completes the bold and daring look you're looking for!
Upper Material: Nappa Leather
Lining: Soft Garment
Outsole: Phylon Rubber
Construction: Cemented",https://down-id.img.susercontent.com/file/sg-11134201-7rdyl-lxi3423q52fa5e,data/images/253449367_19837835876/img_0.jpg
253449367_21682759289,Ruby Buckle Mules - Nappa Milano - Sepatu Wanita,https://shopee.co.id/Ruby-Buckle-Mules-Nappa-Milano-Sepatu-Wanita-i.253449367.21682759289,829000.0,0,"{""36"": 0, ""37"": 0, ""38"": 0, ""39"": 0, ""40"": 0, ""41"": 0}",,"Sepatu Wanita > Slip Ons, Mary Janes & Mules",NAPPA MILANO,Indonesia,,,,4.6,25,66,"For packaging protection, please add bubble wrap to your order (will add 1 kg to your total order weight)
https://shopee.co.id/product/253449367/22320248351/
The Mules (Ruby's Version) is here! Say hello to the chicer, more Parisian vibe look. What rhymes with Mules? Cool jewels! (Get it?) In this term, it's the glistening gold buckle attached to the upper of this chic mule shoe. This Ruby Buckle Mules is chunky but light, sultry, effortless and right on trend!
Upper Material: Nappa Leather
Lining: Soft Garment
Outsole: Phylon Rubber
Construction: Cemented
Heel Height: 6cm",https://down-id.img.susercontent.com/file/sg-11134201-7rbmm-lqokjhw1l5xgd6,data/images/253449367_21682759289/img_0.jpg
253449367_7143955612,Lobb Oxford Black - Nappa Milano - Sepatu Pria,https://shopee.co.id/Lobb-Oxford-Black-Nappa-Milano-Sepatu-Pria-i.253449367.7143955612,1039000.0,0,"{""Size 39"": 0, ""Size 40"": 0, ""Size 41"": 0, ""Size 42"": 0, ""Size 43"": 0, ""Size 44"": 0, ""Size 45"": 0, ""Size 46"": 0, ""Size 47"": 0, ""Size 48"": 0, ""Size 49"": 0}",,Sepatu Pria > Sepatu Formal > Oxford,NAPPA MILANO,Indonesia,,,,4.8,46,119,"Smart and honest design with plain toe give it a slick handsomeness. Lobb Oxford Black is your A-1 for formality and simplicity at the same time. Durable with strong blake stitch construction adjoins comfy fiber rubber outsole.
Material: Nappa Leather
Lining: Lambskin
Outsole: Fiber Rubber
Construction: Blake Stitch",https://down-id.img.susercontent.com/file/id-11134207-7ras9-m3g2q6h2gtwv90,data/images/253449367_7143955612/img_0.jpg
253449367_21276727374,Ruby Jane - Nappa Milano - Sepatu Wanita,https://shopee.co.id/Ruby-Jane-Nappa-Milano-Sepatu-Wanita-i.253449367.21276727374,779000.0,0,"{""36"": 0, ""37"": 0, ""38"": 0, ""39"": 0, ""40"": 0, ""41"": 0}",,"Sepatu Wanita > Slip Ons, Mary Janes & Mules",NAPPA MILANO,Indonesia,,,,4.9,64,197,"For packaging protection, please add bubble wrap to your order (will add 1 kg to your total order weight)
https://shopee.co.id/product/253449367/22320248351/
With the first-ever square-toe design and the chic 6cm chunky outsole feature, this collection oozes the rare and dashing look! Ruby Jane is the epitome of the classic mary jane shoe with a twist of chic 90s vibes supported by an extra-chunky outsole. Sport this black loafer with any fit and play up its preppy roots.
Upper Material: Nappa Leather
Lining: Soft Garment
Outsole: Phylon Rubber
Construction: Cemented
Heel Height: 6cm",https://down-id.img.susercontent.com/file/sg-11134201-7rbk7-lqokja4my1ei82,data/images/253449367_21276727374/img_0.jpg
253449367_15990735503,Noir Penny Loafers - Nappa Milano - Sepatu Kulit Pria,https://shopee.co.id/Noir-Penny-Loafers-Nappa-Milano-Sepatu-Kulit-Pria-i.253449367.15990735503,1059000.0,0,"{""39"": 0, ""40"": 0, ""41"": 0, ""42"": 4, ""43"": 0, ""44"": 0, ""45"": 0}",42,Sepatu Pria > Sepatu Formal > Loafer,NAPPA MILANO,Indonesia,,Kulit,KAB. TANGERANG,4.9,831,2RB+,"For packaging protection, please add bubble wrap to your order (will add 1 kg to your total order weight)
https://shopee.co.id/product/253449367/22320248351/
Clean and smart craftsmanship with easy slip-on style. This All-black pair represents the concept of minimalism and simplicity but still putting forward the essence of formal classic. Noir Penny Loafers, your go-to shoes for day and night.
Material: Brush Off Leather
Lining: Lambskin
Outsole: Fiber Rubber
Construction: Cementing with Stitched Outsole",https://down-id.img.susercontent.com/file/sg-11134201-7rbmg-lmvsxyuhkogg42,data/images/253449367_15990735503/img_0.jpg
253449367_28524320130,Gail Sneakers Black - Nappa Milano - Sepatu Sneakers Wanita,https://shopee.co.id/Gail-Sneakers-Black-Nappa-Milano-Sepatu-Sneakers-Wanita-i.253449367.28524320130,1059000.0,0,"{""36"": 43, ""37"": 43, ""38"": 43, ""39"": 43, ""40"": 0}","36, 37, 38, 39",Sepatu Wanita > Sneakers,NAPPA MILANO,Indonesia,,,KAB. TANGERANG,5.0,90,243,"Meet Gail, Nappa Milano's first-ever women's sneaker—The Kicks for Every Chicks. Combining retro charm with modern comfort, Gail is designed for every step of your journey.
Features:
- Lightweight and flexible: Ideal for effortless movement and all-day wear.
- Cushioned insole: Provides exceptional comfort with every step.
- Subtle retro-inspired design: A timeless style with a modern twist.
- Versatile appeal: Suitable for any occasion, from running errands to evening outings.
- Available in four colors: Black, Red, Brown, and Tan.
Materials:
- Upper: Suede Leather
- Lining: Textile
- Outsole: Lightweight Rubber
- Construction: Cementing",https://down-id.img.susercontent.com/file/id-11134207-7rbk4-m8x15ezlshrhfd_tn,data/images/253449367_28524320130/img_0.jpg
253449367_20956566916,Nappa Milano Socks Black,https://shopee.co.id/Nappa-Milano-Socks-Black-i.253449367.20956566916,999000.0,0,{},,Sepatu Pria > Kaos Kaki,-,,,,,4.9,76,186,"Compliment your look with comfortable toes! Nappa Milano’s newest socks are designed to ensure comfort to your feet while remaining classy. Using high quality cotton material to keep your toes pleasant, it comes in two different lengths and three neutral colors to support your daily polished attire.
All Size: 37 - 45",https://down-id.img.susercontent.com/file/sg-11134201-22100-koq3ixickxiv9c,data/images/253449367_20956566916/img_0.jpg
253449367_50253809086,Lacy Ballet Flats Baby Blue - Nappa Milano - Sepatu Flat Wanita,https://shopee.co.id/Lacy-Ballet-Flats-Baby-Blue-Nappa-Milano-Sepatu-Flat-Wanita-i.253449367.50253809086,849000.0,0,"{""36"": 0, ""37"": 0, ""38"": 1, ""39"": 0, ""40"": 0, ""41"": 0}",38,Sepatu Wanita > Sepatu Flat > Rounded Toe Flats,NAPPA MILANO,Indonesia,,"Kulit, Lainnya, Sintetis, pu, tekstil",KAB. TANGERANG,5.0,12,40,"A soft and feminine take on the classic ballet flat. Designed with an elastic strap for a touch of charm and a secure fit, the Lacy Ballet Flats add effortless elegance to your everyday looks — from casual strolls to dressier moments. Now available in three new colorways: baby blue, blush, and orange.
Materials:
- Upper: Lamb Skin
- Lining: Textile
- Outsole: Lightweight Rubber
- Construction: Cementing",https://down-id.img.susercontent.com/file/sg-11134201-81zw7-mir2yn8q7w1s6b_tn,data/images/253449367_50253809086/img_0.jpg
253449367_20630741423,Yuri Tassel Black - Nappa Milano - Sandal Unisex,https://shopee.co.id/Yuri-Tassel-Black-Nappa-Milano-Sandal-Unisex-i.253449367.20630741423,999000.0,0,"{""36"": 0, ""37"": 0, ""38"": 0, ""39"": 0, ""40"": 0, ""41"": 0, ""42"": 0, ""43"": 0, ""44"": 0, ""45"": 0}",,"Sepatu Wanita > Slip Ons, Mary Janes & Mules",NAPPA MILANO,Indonesia,,,,4.9,53,118,"For packaging protection, please add bubble wrap to your order (will add 1 kg to your total order weight)
https://shopee.co.id/product/253449367/22320248351/
Designed for effortless use while still providing the put-togetherness. Accented with twin tassel and finely crafted with real leather along with EVA Rubber outsole ensuring utmost comfort for your daily look. Available in two color ways—Black and Maroon.
Upper Material: Box Leather
Outsole: EVA Rubber",https://down-id.img.susercontent.com/file/sg-11134201-7rbkx-lqkawjql1cef4f,data/images/253449367_20630741423/img_0.jpg
253449367_19257995452,Feelin’ Brogues Lilac T-Shirt Katun Unisex Oversized,https://shopee.co.id/Feelin%E2%80%99-Brogues-Lilac-T-Shirt-Katun-Unisex-Oversized-i.253449367.19257995452,959000.0,0,"{""XS"": 2, ""S"": 0, ""M"": 0, ""L"": 0, ""XL"": 0}",XS,Pakaian Pria > Atasan > Kaos,-,,,Katun,KAB. TANGERANG,5.0,1,2,"Crafted from 100% cotton in color lilac and topped with a graphic printed at the front and back. Oversized fit t-shirt with short sleeves and a ribbed crew neck.
Product Details:
- 20 gsm
- 100% cotton
- Screenprinted graphics
- Oversized fit
- Ribbed neck
- Unisex",https://down-id.img.susercontent.com/file/sg-11134201-22100-1g8m25s9u6iv0b,data/images/253449367_19257995452/img_0.jpg
253449367_23404764622,Instant Shine,https://shopee.co.id/Instant-Shine-i.253449367.23404764622,819000.0,0,{},,Sepatu Pria > Aksesoris & Perawatan Sepatu > Alat Perawatan & Pembersih Sepatu,-,,,,,4.9,79,214,"Tampil percaya diri sepanjang hari.
-Insant Shine dengan memberi kilap merata seketika yang tahan lama untuk sepatu Anda.
-Bentuk yang ergonomis terasa nyaman saat digunakan serta mudah dibawa kemanapun.
-Sangat sesuai diaplikasikan pada sepatu berbahan kulit nappa ataupun smooth leather. Dapat digunakan untuk lebih dari 100 kali pemakaian.",https://down-id.img.susercontent.com/file/sg-11134201-7rcby-ls6v34o1z47663,data/images/253449367_23404764622/img_0.jpg
253449367_22220679614,Cyrus Alley - Nappa Milano,https://shopee.co.id/Cyrus-Alley-Nappa-Milano-i.253449367.22220679614,759000.0,0,"{""39"": 0, ""40"": 0, ""41"": 0, ""42"": 0, ""43"": 0}",,Sepatu Pria > Sneakers,NAPPA MILANO,Indonesia,,,,4.7,21,32,"For packaging protection, please add bubble wrap to your order (will add 1 kg to your total order weight)
https://shopee.co.id/product/253449367/22320248351/
The Cyrus collection is the first collection ever of Nappa Milano to have a crepe pattern sole of EVA Rubber. Cyrus Alley comes in a dark stone-like grey colour, perfectly resembling the streets. With its next-level comfort, you can have the support you require while moving easily with its slick design.
#ForBroaderCircle
Available in two variants– Cyrus Retro and Cyrus Alley.
Materials:
- Upper: Nubuck Leather.
- Lining: Soft Garment.
- Outsole: EVA Rubber.",https://down-id.img.susercontent.com/file/id-11134201-23020-wxxzfcb43invd8,data/images/253449367_22220679614/img_0.jpg
253449367_28738332430,Discovery Set - Nappa de Parfum,https://shopee.co.id/Discovery-Set-Nappa-de-Parfum-i.253449367.28738332430,759000.0,0,{},,Perawatan & Kecantikan > Parfum & Wewangian > Parfum & Wewangian Unisex,-,,,,KAB. TANGERANG,5.0,11,25,"Discovery set Nappa de parfum
Including 3 of our newest perfume - 10ml each
No izin edar BPOM RI
Manhattan Hour: NA18250601130
Sax Savant: NA18250601129
Roosevelt: NA18250601128",https://down-id.img.susercontent.com/file/sg-11134201-7rdyu-mbrs3ixtaw5y43,data/images/253449367_28738332430/img_0.jpg
253449367_19420892832,Sam Laces Black - Nappa Milano - Sepatu Pria,https://shopee.co.id/Sam-Laces-Black-Nappa-Milano-Sepatu-Pria-i.253449367.19420892832,969000.0,0,"{""39"": 0, ""40"": 0, ""41"": 0, ""42"": 0, ""43"": 0, ""44"": 0, ""45"": 0}",,Sepatu Pria > Sepatu Formal > Loafer,NAPPA MILANO,Indonesia,,,,4.9,239,557,"Classic Derby with specialized airy outsole. Easy open-lacing feature as well as cushy insole made it the perfect statement shoes! Skillfully crafted using brush-off leather ensuring vivid colour pay-off.
Upper Material: Brush Off Leather
Outsole: Lightweight Rubber
Insole: Injected Rubber
Construction: Cemented
Lining: Soft Garment",https://down-id.img.susercontent.com/file/sg-11134201-7rceq-lsgpgtz78yhi58,data/images/253449367_19420892832/img_0.jpg
253449367_22033865929,Ruby Tassel - Nappa Milano - Sepatu Wanita,https://shopee.co.id/Ruby-Tassel-Nappa-Milano-Sepatu-Wanita-i.253449367.22033865929,919000.0,0,"{""36"": 0, ""37"": 0, ""38"": 0, ""39"": 0, ""40"": 0, ""41"": 0}",,Sepatu Wanita > Loafers & Boat Shoes,NAPPA MILANO,Indonesia,,Kulit,,4.9,92,247,"For packaging protection, please add bubble wrap to your order (will add 1 kg to your total order weight)
https://shopee.co.id/product/253449367/22320248351/
With the first-ever square-toe design and the chic 6cm chunky outsole feature, this collection oozes the rare and dashing look! Ruby Tassel is a chunky tassel loafer with a contemporary look. With its upper made of genuine black leather, this pair’s style features decorative tassels with a hint of broguing details.
Upper Material: Nappa Leather
Lining: Soft Garment
Outsole: Phylon Rubber
Construction: Cemented
Heel Height: 6cm",https://down-id.img.susercontent.com/file/sg-11134201-7rbmx-lqokiw4hft0ab3,data/images/253449367_22033865929/img_0.jpg
253449367_24469263148,Juno Penny White - Nappa Milano - Sandal Unisex,https://shopee.co.id/Juno-Penny-White-Nappa-Milano-Sandal-Unisex-i.253449367.24469263148,969000.0,0,"{""36"": 0, ""37"": 0, ""38"": 0, ""39"": 0, ""40"": 0, ""41"": 1, ""42"": 0, ""43"": 0, ""44"": 0, ""45"": 0}",41,Sepatu Pria > Sandal > Sandal Slide,NAPPA MILANO,Indonesia,,Kulit,KAB. TANGERANG,5.0,18,61,"For packaging protection, please add bubble wrap to your order (will add 1 kg to your total order weight)
https://shopee.co.id/product/253449367/22320248351/
Juno Penny is a comfortable, stylish slip-on mule with a classic penny upper design. Available in various colors and materials, Juno Penny is a must-have addition to every men's and women's shoe collection! Don't believe us? Try it for yourself. Because with Juno, You Know.
Materials:
Upper: Suede Leather
Insole: Soft Garment
Outsole: IU Rubber
Construction: Cemented",https://down-id.img.susercontent.com/file/sg-11134201-7ratp-mb7skf8n956e16,data/images/253449367_24469263148/img_0.jpg
253449367_20637835389,Burly Derby - Sepatu Wanita Kulit Nappa Klasik,https://shopee.co.id/Burly-Derby-Sepatu-Wanita-Kulit-Nappa-Klasik-i.253449367.20637835389,959000.0,0,"{""36"": 0, ""37"": 0, ""38"": 0, ""39"": 0, ""40"": 0, ""41"": 0}",,Sepatu Wanita > Loafers & Boat Shoes,NAPPA MILANO,,,Kulit,,4.9,240,551,"Burly Derby provides the security from the easy open-lacing feature.
Classic designs along with bold outsole combined made Burly stands out among the crowd! The mono-colour scheme completes the bold and daring look you're looking for!
Upper Material: Nappa Leather
Lining: Soft Garment
Outsole: Phylon Rubber
Construction: Cemented",https://down-id.img.susercontent.com/file/sg-11134201-7rbmz-lqkco9g0h4qi5c_tn,data/images/253449367_20637835389/img_0.jpg
253449367_21846658191,CJ KANSAS BROWN - Nappa Milano,https://shopee.co.id/CJ-KANSAS-BROWN-Nappa-Milano-i.253449367.21846658191,989000.0,0,"{""36"": 0, ""37"": 0, ""38"": 0, ""39"": 0, ""40"": 0, ""41"": 0, ""42"": 0, ""43"": 0, ""44"": 0, ""45"": 0}",,Sepatu Wanita > Sepatu Oxford,NAPPA MILANO,Indonesia,,,,5.0,3,8,"For packaging protection, please add bubble wrap to your order (will add 1 kg to your total order weight)
https://shopee.co.id/product/253449367/22320248351/
Nappa Milano x CJ for Us exclusive collection.
CJ Kansas is a lace-up moccasin-style silhouette and construction with a clean yet appealing Nubuck leather upper. Featuring Nappa's signature comfortable soles, it is that one shoe to accompany your adventurous life.
Available in four striking colors; Black, Brown, Icy Grey & Pine Green.
Upper: Nubuck Leather
Insole: Soft Garment
Outsole: EVA Rubber
Construction: Blake Stitch",https://down-id.img.susercontent.com/file/bfbcb58eb31fa7f705c8aa673e71c6e1,data/images/253449367_21846658191/img_0.jpg
253449367_56156240734,Leis Slippers Black - Nappa Milano - Sandal Unisex,https://shopee.co.id/Leis-Slippers-Black-Nappa-Milano-Sandal-Unisex-i.253449367.56156240734,729000.0,0,"{""36"": 0, ""37"": 0, ""38"": 2, ""39"": 2, ""40"": 0, ""41"": 0, ""42"": 0, ""43"": 0, ""44"": 0, ""45"": 0}","38, 39",Sepatu Pria > Sandal > Sandal Slide,NAPPA MILANO,Indonesia,Slide,Suede,KAB. TANGERANG,5.0,20,42,"Designed with a closed-toe silhouette for a clean, structured look. LEIS Slippers feature a soft suede leather upper with an adjustable buckle detail for a secure fit. The lambskin insole adds a smooth, cushioned feel, while the lightweight EVA rubber outsole provides flexibility and everyday durability. A relaxed design that balances coverage, comfort, and ease.
Materials:
- Upper: Suede Leather
- Insole: Lamb skin
- Outsole: EVA Rubber
- Construction: Cemented",https://down-id.img.susercontent.com/file/sg-11134201-8260l-mkrqgveeh9fkd5_tn,data/images/253449367_56156240734/img_0.jpg
253449367_25635215402,Sam Tyrolean Black - Nappa Milano - Sepatu Kulit Pria,https://shopee.co.id/Sam-Tyrolean-Black-Nappa-Milano-Sepatu-Kulit-Pria-i.253449367.25635215402,759000.0,0,"{""39"": 0, ""40"": 0, ""41"": 0, ""42"": 0, ""43"": 0, ""44"": 0, ""45"": 1}",45,Sepatu Pria > Sepatu Pria Lainnya,NAPPA MILANO,Indonesia,,,KAB. TANGERANG,4.9,23,59,"For packaging protection, please add bubble wrap to your order (will add 1 kg to your total order weight)
https://shopee.co.id/product/253449367/22320248351/
Sam Tyrolean is a homage to the classic, world-renowned moc-toe platform shoe, reenacted with a twist of our signature Sam outsole for an elevated, sophisticated look. Crafted with a cushy sole, it offers comfort that makes each step as enjoyable as it is stylish. Available in black and brown.
Materials:
- Upper: Nappa Leather
- Outsole: Lightweight Rubber
- Insole: Injected Phylon
- Lining: Soft Garment
- Construction: Cemented",https://down-id.img.susercontent.com/file/sg-11134201-7rdxe-lzb8djwvuassfe,data/images/253449367_25635215402/img_0.jpg
253449367_23637107149,Leon Mules Brown Nappa Milano,https://shopee.co.id/Leon-Mules-Brown-Nappa-Milano-i.253449367.23637107149,729000.0,0,"{""36"": 0, ""37"": 0, ""38"": 0, ""39"": 0, ""40"": 0, ""41"": 0, ""42"": 0, ""43"": 0, ""44"": 0, ""45"": 0}",,Sepatu Pria > Sandal > Sandal Slide,NAPPA MILANO,Indonesia,,Kulit,,5.0,5,19,"For packaging protection, please add bubble wrap to your order (will add 1 kg to your total order weight)
https://shopee.co.id/product/253449367/22320248351/
In a hurry but still seeking comfort and elegance? Leon Mules is your answer! Leon is an easygoing, breathable and unique sandal collection with its Mexican huarache's woven-inspired design and a gold coin detail accentuating its elegance. With the mule design, Leon Mules is a failsafe style option for your wardrobe for warm weather, beach days or relaxing days at home. They're easy to coordinate with your everyday outfits!
Available in black, brown and broken white colours.
Materials:
- Nappa Leather.
- Lamb Skin Lining.
- Eva Rubber Outsole.
- Non-detachable Coin Detail.",https://down-id.img.susercontent.com/file/sg-11134201-7rbmd-lmqzwoxc15bt32,data/images/253449367_23637107149/img_0.jpg
253449367_22503981801,Conrad Brogues Coffee - Nappa Milano - Sepatu Pria,https://shopee.co.id/Conrad-Brogues-Coffee-Nappa-Milano-Sepatu-Pria-i.253449367.22503981801,949000.0,0,"{""39"": 0, ""40"": 0, ""41"": 0, ""42"": 0, ""43"": 0, ""44"": 0, ""45"": 0}",,Sepatu Pria > Sepatu Formal > Oxford,NAPPA MILANO,Indonesia,,,,4.9,45,123,"For packaging protection, please add bubble wrap to your order (will add 1 kg to your total order weight)
https://shopee.co.id/product/253449367/22320248351/
Conrad Brogues is a classic oxford with minimalist broguing details that elevates this lace-up oxford from smooth and shiny hand-painted Vegetable that will leave you looking sharp. Take your look to the next level with this dressy brogue oxford.
Upper: Hand-painted Vegetable Leather
Outsole: Eva Rubber
Lining: Soft Garment",https://down-id.img.susercontent.com/file/sg-11134201-7rbl5-lqkal3gqcl5y53_tn,data/images/253449367_22503981801/img_0.jpg
253449367_23016744009,Liv Ankle Strap Maroon - Nappa Milano - Sandal Wanita,https://shopee.co.id/Liv-Ankle-Strap-Maroon-Nappa-Milano-Sandal-Wanita-i.253449367.23016744009,909000.0,0,"{""36"": 0, ""37"": 0, ""38"": 60, ""39"": 60, ""40"": 60, ""41"": 60}","38, 39, 40, 41",Sepatu Wanita > Sandal > Sandal Flat,NAPPA MILANO,Indonesia,Tali,Kulit,KAB. TANGERANG,4.9,245,555,"Wrap up in Liv Ankle Strap to achieve an eye-catching laid-back look! One of a kind high ankle loop along with pull tabs on the back as the cherry on top. Completed with extreme comfort injected insole.
Masterly crafted using Brush-off Leather which allows a glossy and vivid color pay-off!
Available in Maroon and Black colour.
Material: Brush-off Leather
Lining: Soft Garment
Outsole: Lightweight Rubber
Construction: Cementing",https://down-id.img.susercontent.com/file/sg-11134201-7rbl6-lqkbve8d9yhq91,data/images/253449367_23016744009/img_0.jpg
253449367_40655021290,Leon T-Strap Black - Nappa Milano - Sepatu Kulit Unisex,https://shopee.co.id/Leon-T-Strap-Black-Nappa-Milano-Sepatu-Kulit-Unisex-i.253449367.40655021290,759000.0,0,"{""36"": 7, ""37"": 7, ""38"": 0, ""39"": 0, ""40"": 0, ""41"": 0, ""42"": 0, ""43"": 0, ""44"": 0, ""45"": 0}","36, 37",Sepatu Wanita > Sepatu Wanita Lainnya,NAPPA MILANO,Indonesia,,,KAB. TANGERANG,5.0,8,19,"A bold blend of heritage and modern ease. Crafted for those who appreciate character in every step, the Leon T-Strap merges timeless moccasin weaving with a refined buckle detail. The standout T-bar design brings a fresh edge to classic silhouettes, while the handwoven upper and sleek black leather add depth and texture. Light on the feet yet strong in impression, Leon is perfect for dressing up everyday or elevating your casual looks.
Materials:
- Upper: Nappa Leather
- Lining: Fabric
- Outsole: Fiber Rubber
- Construction: Cemented",https://down-id.img.susercontent.com/file/sg-11134201-7ravd-mb54rhoenxx2ed_tn,data/images/253449367_40655021290/img_0.jpg
253449367_20190713346,Nappa X Kulturkit Jersey Libero di Passi - Away,https://shopee.co.id/Nappa-X-Kulturkit-Jersey-Libero-di-Passi-Away-i.253449367.20190713346,849000.0,0,"{""S"": 0, ""M"": 0, ""L"": 0, ""XL"": 0, ""XXL"": 0}",,"Olahraga & Outdoor > Sepak Bola, Futsal, & Sepak Takraw > Pakaian Sepak Bola, Futsal",-,,,,,4.9,17,30,"Libero di Passi Away Jersey
In collaboration with KultureKit, we present the Libero di Passi Away Jersey. Still heading towards the vintage design, Away Jersey came with a more muted and light colour, with a base of sage-white and a hint of black and maroon. The woven press logo is placed in the centre, featuring a v-neck ribbed collar with the 'N' initial. This limited edition jersey is made with Dri-Fit fabric for breathability to keep the wearer comfortable for daily wear or match day.
Product Details:
- Regular Fit
- Dri-Fit Fabric
- Woven Press Logo
- DTF & Print Screen HD
- Ribbed V-Neck Collar",https://down-id.img.susercontent.com/file/sg-11134201-7qvde-lj5qoxycj4dz02,data/images/253449367_20190713346/img_0.jpg
253449367_18061441724,MINK OIL - Shoe Protector,https://shopee.co.id/MINK-OIL-Shoe-Protector-i.253449367.18061441724,819000.0,0,{},,Sepatu Pria > Aksesoris & Perawatan Sepatu > Alat Perawatan & Pembersih Sepatu,-,,,,,4.9,105,245,"Membuat sepatu Anda siap menghadapi tantangan paling ekstrem sekalipun
Mink Oil - Outdoor Shoe Protector
-melindungi sepatu dengan sempurna dari kerusakan karena air
-menjaga kelembutan kulit sepatu dan membuatnya lebih tahan lama.",https://down-id.img.susercontent.com/file/sg-11134201-7rcdm-ls6v2gkf8std41,data/images/253449367_18061441724/img_0.jpg
253449367_41655012090,Leon T-Strap Brown - Nappa Milano - Sepatu Kulit Unisex,https://shopee.co.id/Leon-T-Strap-Brown-Nappa-Milano-Sepatu-Kulit-Unisex-i.253449367.41655012090,819000.0,0,"{""36"": 4, ""37"": 4, ""38"": 0, ""39"": 0, ""40"": 0, ""41"": 0, ""42"": 0, ""43"": 0, ""44"": 0, ""45"": 0}","36, 37",Sepatu Wanita > Sepatu Wanita Lainnya,NAPPA MILANO,Indonesia,,,KAB. TANGERANG,5.0,12,32,"A bold blend of heritage and modern ease. Crafted for those who appreciate character in every step, the Leon T-Strap merges timeless moccasin weaving with a refined buckle detail. The standout T-bar design brings a fresh edge to classic silhouettes, while the handwoven upper and sleek black leather add depth and texture. Light on the feet yet strong in impression, Leon is perfect for dressing up everyday or elevating your casual looks.
Materials:
- Upper: Nappa Leather
- Lining: Fabric
- Outsole: Fiber Rubber
- Construction: Cemented",https://down-id.img.susercontent.com/file/sg-11134201-7rau6-mb54piw68xn4bb_tn,data/images/253449367_41655012090/img_0.jpg
253449367_54362245726,Rove Laces Black - Nappa Milano - Sepatu Kulit Pria,https://shopee.co.id/Rove-Laces-Black-Nappa-Milano-Sepatu-Kulit-Pria-i.253449367.54362245726,1039000.0,0,"{""39"": 0, ""40"": 0, ""41"": 0, ""42"": 2, ""43"": 0, ""44"": 2, ""45"": 0}","42, 44",Sepatu Pria > Sepatu Formal > Loafer,NAPPA MILANO,Indonesia,,Kulit,KAB. TANGERANG,,,0,"ROVE LACES BLACK
ROVE Laces are designed for those who explore style without limits.
The silhouette combines traditional lace-up functionality with an unconventional lacing arrangement and asymmetric construction, creating a distinctive visual identity from every angle. Clean lines and refined proportions keep the design versatile, while thoughtful details encourage personal styling and individuality.
Balancing familiarity with experimentation, ROVE Laces are made for those who appreciate design that stands apart and opens new possibilities for expression.
Materials:
- Upper: Nappa Leather & Brush-Off Leather
- Outsole: Lightweight Rubber
- Lining: Soft Garment
- Construction: Cemented",https://down-id.img.susercontent.com/file/sg-11134201-824ga-mphm5s95v11da6,data/images/253449367_54362245726/img_0.jpg
253449367_28887714272,Leon T-Strap White Brown - Nappa Milano - Sepatu Kulit Unisex,https://shopee.co.id/Leon-T-Strap-White-Brown-Nappa-Milano-Sepatu-Kulit-Unisex-i.253449367.28887714272,979000.0,0,"{""36"": 0, ""37"": 8, ""38"": 8, ""39"": 0, ""40"": 0, ""41"": 0, ""42"": 8, ""43"": 0, ""44"": 0, ""45"": 0}","37, 38, 42",Sepatu Wanita > Sepatu Wanita Lainnya,NAPPA MILANO,Indonesia,,,KAB. TANGERANG,5.0,3,19,"A bold blend of heritage and modern ease. Crafted for those who appreciate character in every step, the Leon T-Strap merges timeless moccasin weaving with a refined buckle detail. The standout T-bar design brings a fresh edge to classic silhouettes, while the handwoven upper and sleek black leather add depth and texture. Light on the feet yet strong in impression, Leon is perfect for dressing up everyday or elevating your casual looks.
Materials:
- Upper: Nappa Leather
- Lining: Fabric
- Outsole: Fiber Rubber
- Construction: Cemented",https://down-id.img.susercontent.com/file/sg-11134201-7raso-mb54nffipu1cd8_tn,data/images/253449367_28887714272/img_0.jpg
253449367_47712265739,Rove Mules Black - Nappa Milano - Sepatu Kulit Pria,https://shopee.co.id/Rove-Mules-Black-Nappa-Milano-Sepatu-Kulit-Pria-i.253449367.47712265739,779000.0,0,"{""39"": 16, ""40"": 16, ""41"": 16, ""42"": 16, ""43"": 16, ""44"": 0, ""45"": 0}","39, 40, 41, 42, 43",Sepatu Pria > Slip-On & Mules,NAPPA MILANO,,,,KAB. TANGERANG,,,0,"ROVE MULES BLACK
ROVE Mules reimagine classic footwear through a lens of exploration and individuality.
Defined by fluid lines, distinctive asymmetric paneling, and subtle metal accents, the design offers a fresh departure from the expected. The open-back silhouette allows for effortless wear, while its refined profile transitions seamlessly from everyday dressing to more elevated occasions.
Created for those who view fashion as a form of self-expression, ROVE Mules celebrate curiosity, individuality, and the freedom to explore beyond the expected.
Materials:
- Upper: Nappa Leather
- Outsole: Lightweight Rubber
- Lining: Soft Garment
- Construction: Cemented",https://down-id.img.susercontent.com/file/sg-11134201-824iv-mphm7tubeigye0,data/images/253449367_47712265739/img_0.jpg
253449367_48106436474,Nappa de Parfum x Scentrum - 1950s Melophile,https://shopee.co.id/Nappa-de-Parfum-x-Scentrum-1950s-Melophile-i.253449367.48106436474,969000.0,0,{},,Perawatan & Kecantikan > Parfum & Wewangian > Parfum & Wewangian Unisex,-,Indonesia,,,KAB. TANGERANG,5.0,1,8,"1950s Melophile
A collaborative fragrance that captures the warmth and nostalgic harmony of a mid-century music room.
A gentle hum reverberates throughout the music room as a vinyl record starts to play. The air is infused with a bright touch of citrus and lavender, mingling with the warm scents of mid-century wood and worn leather. Tobacco smoke wisps lazily beside a glass of whiskey resting near the piano, a familiar ritual of the 1950s era. As dusk deepens and the last rays of sunlight fade, the room fills with the aroma of cedar and sandalwood. The turntable continues its steady spin, weaving a captivating atmosphere of sound and nostalgia.
Top: Whiskey, Citrus, Lavender
Middle: Tobacco, Leather
Base: Cedar, Patchouli, Musk, Sandalwood
Eau de Parfum
30ml",https://down-id.img.susercontent.com/file/sg-11134201-8260n-ml4myzbk582369_tn,data/images/253449367_48106436474/img_0.jpg
253449367_18857995327,Leather Forever Black T-Shirt,https://shopee.co.id/Leather-Forever-Black-T-Shirt-i.253449367.18857995327,809000.0,0,"{""XS"": 4, ""S"": 4, ""M"": 0, ""L"": 4, ""XL"": 0}","XS, S, L",Pakaian Pria > Atasan > Kaos,-,,,Katun,KAB. TANGERANG,5.0,3,6,"Crafted from 100% cotton in color black and topped with a graphic printed at the front and back. Oversized fit t-shirt with short sleeves and a ribbed crew neck.
Product Details:
- 20 gsm
- 100% cotton
- Screenprinted graphics
- Oversized fit
- Ribbed neck
- Unisex",https://down-id.img.susercontent.com/file/sg-11134201-22100-distdam9u6iv73,data/images/253449367_18857995327/img_0.jpg
253449367_22559301163,Moss Derby Leopard - Nappa Milano - Sepatu Unisex,https://shopee.co.id/Moss-Derby-Leopard-Nappa-Milano-Sepatu-Unisex-i.253449367.22559301163,869000.0,0,"{""36"": 6, ""37"": 0, ""38"": 6, ""39"": 0, ""40"": 0, ""41"": 6, ""42"": 6, ""43"": 0, ""44"": 0, ""45"": 0}","36, 38, 41, 42",Sepatu Pria > Sepatu Pria Lainnya,NAPPA MILANO,,,,KAB. TANGERANG,5.0,15,24,"For packaging protection, please add bubble wrap to your order (will add 1 kg to your total order weight)
https://shopee.co.id/product/253449367/22320248351/
We created a new shape through Moss Derby to offer a less formal derby shoe with a roomy round-toes design, making it fit for most foot types. Moss Derby is unisex and has eight color options with various leather materials, offering endless possibilities and inconceivably vast options for your everyday look. They’re, in fact, classic, timeless and that versatile.
Upper: Nappa Leather & Animal Printed Leather
Insole: Phylon Injection Insole
Outsole: Lightweight Rubber
Construction: Cemented",https://down-id.img.susercontent.com/file/sg-11134201-7rbne-lqkbfl4y1eo41d,data/images/253449367_22559301163/img_0.jpg
253449367_52853818157,Lacy Ballet Flats Blush - Nappa Milano - Sepatu Flat Wanita,https://shopee.co.id/Lacy-Ballet-Flats-Blush-Nappa-Milano-Sepatu-Flat-Wanita-i.253449367.52853818157,989000.0,0,"{""36"": 25, ""37"": 25, ""38"": 25, ""39"": 25, ""40"": 25, ""41"": 0}","36, 37, 38, 39, 40",Sepatu Wanita > Sepatu Flat > Rounded Toe Flats,NAPPA MILANO,,,Kulit,KAB. TANGERANG,5.0,7,29,"A soft and feminine take on the classic ballet flat. Designed with an elastic strap for a touch of charm and a secure fit, the Lacy Ballet Flats add effortless elegance to your everyday looks — from casual strolls to dressier moments. Available in: White, Black, Red, and Silver.
Materials:
- Upper: Lamb Skin
- Lining: Textile
- Outsole: Lightweight Rubber
- Construction: Cementing",https://down-id.img.susercontent.com/file/sg-11134201-81zw9-mir31r8wm7lw08_tn,data/images/253449367_52853818157/img_0.jpg
253449367_22120680122,Bolt Canyon - Nappa Milano - Sepatu Sneakers Pria,https://shopee.co.id/Bolt-Canyon-Nappa-Milano-Sepatu-Sneakers-Pria-i.253449367.22120680122,849000.0,0,"{""39"": 0, ""40"": 0, ""41"": 0, ""42"": 0, ""43"": 0, ""44"": 0, ""45"": 0}",,Sepatu Pria > Sneakers,NAPPA MILANO,,,,,5.0,6,20,"Every detail of this easy pair plays a part in being the shoes for your every move. The Bolt Canyon provides a more neutral earthy colour with its dark brown nubuck leather and black mesh garment. With its design that screams versatility and offers next-level comfort, this pair is made for everyone and every purpose– for a broader circle.
Available in two variants– Bolt Canyon and Bolt Hammer.
Materials:
- Upper: Nubuck Leather & Mesh Garment.
- Lining: Soft Garment.
- Outsole: EVA Rubber.",https://down-id.img.susercontent.com/file/sg-11134201-7rbmn-lqk9i2i0cfnede,data/images/253449367_22120680122/img_0.jpg
253449367_45202300917,Luther Penny Maroon - Nappa Milano - Sepatu Kulit Pria,https://shopee.co.id/Luther-Penny-Maroon-Nappa-Milano-Sepatu-Kulit-Pria-i.253449367.45202300917,739000.0,0,"{""39"": 0, ""40"": 0, ""41"": 0, ""42"": 0, ""43"": 0, ""44"": 14, ""45"": 14, ""46"": 0}","44, 45",Sepatu Pria > Sepatu Formal > Loafer,NAPPA MILANO,Indonesia,,Kulit,KAB. TANGERANG,4.9,56,185,"Meet the Luther Penny, an easy, polished loafer made for everyday wear. Crafted from soft Nappa leather and lined with smooth garment leather, it feels as good as it looks. The lightweight rubber sole keeps you comfortable on the move.
Easy to wear and easy to style, Luther Penny is available in Black, Brown, and Maroon. Luther effortlessly enhances your overall look, combining prestige with timeless appeal—the perfect choice for days when you want to look sharp without trying too hard.
Materials:
- Upper: Nappa leather
- Lining: Garment
- Outsole: Lightweight Rubber
- Construction: Cementing",https://down-id.img.susercontent.com/file/sg-11134201-82267-mhlz12ogy0oy0d,data/images/253449367_45202300917/img_0.jpg
253449367_57456236036,Leis Slides Beige - Nappa Milano - Sandal Unisex,https://shopee.co.id/Leis-Slides-Beige-Nappa-Milano-Sandal-Unisex-i.253449367.57456236036,979000.0,0,"{""36"": 0, ""37"": 0, ""38"": 2, ""39"": 0, ""40"": 0, ""41"": 0, ""42"": 0, ""43"": 0, ""44"": 0, ""45"": 0}",38,Sepatu Pria > Sandal > Sandal Slide,NAPPA MILANO,,,Suede,KAB. TANGERANG,5.0,7,29,"Built for easy wear with a unique yet minimal shape. LEIS Slides feature a wide suede leather upper that offers coverage and a relaxed fit. The lambskin insole delivers softness and comfort, while the lightweight EVA rubber outsole ensures flexibility and support. Designed for effortless on-and-off wear with a clean, modern look.
Materials:
- Upper: Suede Leather
- Insole: Lamb skin
- Outsole: EVA Rubber
- Construction: Cemented",https://down-id.img.susercontent.com/file/sg-11134201-825zw-mkrq0aobz9xfce_tn,data/images/253449367_57456236036/img_0.jpg
253449367_19720878858,Pam Mary Jane Black - Nappa Milano - Sepatu Wanita,https://shopee.co.id/Pam-Mary-Jane-Black-Nappa-Milano-Sepatu-Wanita-i.253449367.19720878858,1049000.0,0,"{""36"": 38, ""37"": 38, ""38"": 0, ""39"": 0, ""40"": 0, ""41"": 0, ""42"": 0}","36, 37",Sepatu Wanita > Sepatu Oxford,NAPPA MILANO,Indonesia,,,KAB. TANGERANG,4.9,183,487,"For packaging protection, please add bubble wrap to your order (will add 1 kg to your total order weight)
https://shopee.co.id/product/253449367/22320248351/
Mary-Jane with lightweight chunky outsole! The iconic T-strap from the 60's and the jet-black colour combined. Match this sweet pair with your midi dress to revivify the vintage 60's look!
Upper Material: Brush Off Leather
Outsole: Lightweight Rubber
Insole: Injected Rubber
Construction: Cemented
Lining: Soft Garment",https://down-id.img.susercontent.com/file/sg-11134201-7rdwf-lxi0hwwbvdr4cc,data/images/253449367_19720878858/img_0.jpg
253449367_21152625811,Croco Penny Brown - Nappa Milano - Sepatu Kulit Pria,https://shopee.co.id/Croco-Penny-Brown-Nappa-Milano-Sepatu-Kulit-Pria-i.253449367.21152625811,759000.0,0,"{""39"": 0, ""40"": 0, ""41"": 0, ""42"": 0, ""43"": 0, ""44"": 0, ""45"": 0}",,Sepatu Pria > Sepatu Formal > Loafer,NAPPA MILANO,,,Kulit,,5.0,9,22,"For packaging protection, please add bubble wrap to your order (will add 1 kg to your total order weight)
https://shopee.co.id/product/253449367/22320248351/
Croco Penny defines sophistication and elegance suitable for your formal nights. With its croco-like texture and beautiful shade of brown, this pair is to-go for when you need that extra pep for your look.
Upper: Hand-painted Vegetable Leather
Outsole: Eva Rubber
Lining: Soft Garment",https://down-id.img.susercontent.com/file/sg-11134201-22100-w64lgb2g8civa6,data/images/253449367_21152625811/img_0.jpg
253449367_20646659700,CJ KANSAS ICY GREY - Nappa Milano,https://shopee.co.id/CJ-KANSAS-ICY-GREY-Nappa-Milano-i.253449367.20646659700,729000.0,0,"{""36"": 0, ""37"": 0, ""38"": 0, ""39"": 0, ""40"": 0, ""41"": 0, ""42"": 0, ""43"": 0, ""44"": 0, ""45"": 0}",,Sepatu Wanita > Sepatu Oxford,NAPPA MILANO,Indonesia,,,,5.0,3,6,"For packaging protection, please add bubble wrap to your order (will add 1 kg to your total order weight)
https://shopee.co.id/product/253449367/22320248351/
Nappa Milano x CJ for Us exclusive collection.
CJ Kansas is a lace-up moccasin-style silhouette and construction with a clean yet appealing Nubuck leather upper. Featuring Nappa's signature comfortable soles, it is that one shoe to accompany your adventurous life.
Available in four striking colors; Black, Brown, Icy Grey & Pine Green.
Upper: Nubuck Leather
Insole: Soft Garment
Outsole: EVA Rubber
Construction: Blake Stitch",https://down-id.img.susercontent.com/file/ccf8750c2e2db1006d11fc0a944bd8c6,data/images/253449367_20646659700/img_0.jpg
253449367_23576345699,Ruby Classic Mules - Nappa Milano - Sepatu Wanita,https://shopee.co.id/Ruby-Classic-Mules-Nappa-Milano-Sepatu-Wanita-i.253449367.23576345699,1039000.0,0,"{""36"": 0, ""37"": 0, ""38"": 0, ""39"": 0, ""40"": 0, ""41"": 0}",,"Sepatu Wanita > Slip Ons, Mary Janes & Mules",NAPPA MILANO,Indonesia,,,,4.9,35,71,"For packaging protection, please add bubble wrap to your order (will add 1 kg to your total order weight)
https://shopee.co.id/product/253449367/22320248351/
The Mules (Ruby's Version) is here! Say hello to the chicer, more Parisian vibe look. The Ruby Classic Mules may come in a minimal upper design. But with its square toe and chunky sole, this classic pair is still eye-catching and flatters your look. Looks bare but still chic and rare!
Upper Material: Nappa Leather
Lining: Soft Garment
Outsole: Phylon Rubber
Construction: Cemented
Heel Height: 6cm",https://down-id.img.susercontent.com/file/sg-11134201-7rblm-lqokj3lmhy016b,data/images/253449367_23576345699/img_0.jpg
253449367_25569257670,Juno Penny Black - Nappa Milano - Sandal Unisex,https://shopee.co.id/Juno-Penny-Black-Nappa-Milano-Sandal-Unisex-i.253449367.25569257670,699000.0,0,"{""36"": 3, ""37"": 3, ""38"": 0, ""39"": 0, ""40"": 0, ""41"": 0, ""42"": 0, ""43"": 0, ""44"": 0, ""45"": 0}","36, 37",Sepatu Pria > Sandal > Sandal Slide,NAPPA MILANO,Indonesia,,Kulit,KAB. TANGERANG,5.0,65,152,"Juno Penny is a comfortable, stylish slip-on mule with a classic penny upper design. Available in various colors and materials, Juno Penny is a must-have addition to every men's and women's shoe collection! Don't believe us? Try it for yourself. Because with Juno, You Know.
Materials:
Upper: Nappa Leather
Insole: Soft Garment
Outsole: IU Rubber
Construction: Cemented",https://down-id.img.susercontent.com/file/sg-11134201-7rcfc-lswlrt0atq4m5c,data/images/253449367_25569257670/img_0.jpg
253449367_44223223951,Lacy Ballet Flats Red - Nappa Milano - Sepatu Flat Kulit Wanita,https://shopee.co.id/Lacy-Ballet-Flats-Red-Nappa-Milano-Sepatu-Flat-Kulit-Wanita-i.253449367.44223223951,749000.0,0,"{""36"": 0, ""37"": 13, ""38"": 13, ""39"": 13, ""40"": 0, ""41"": 0}","37, 38, 39",Sepatu Wanita > Sepatu Flat > Rounded Toe Flats,NAPPA MILANO,Indonesia,,,KAB. TANGERANG,4.9,26,98,"A soft and feminine take on the classic ballet flat. Designed with an elastic strap for a touch of charm and a secure fit, the Lacy Ballet Flats add effortless elegance to your everyday looks — from casual strolls to dressier moments. Available in: White, Black, Red, and Silver.
Materials:
- Upper: Lamb Skin
- Lining: Textile
- Outsole: Lightweight Rubber
- Construction: Cementing",https://down-id.img.susercontent.com/file/sg-11134201-824hv-mfl4t55srkehd4_tn,data/images/253449367_44223223951/img_0.jpg
253449367_20277867186,Leon Mules Broken White Nappa Milano,https://shopee.co.id/Leon-Mules-Broken-White-Nappa-Milano-i.253449367.20277867186,849000.0,0,"{""36"": 0, ""37"": 0, ""38"": 0, ""39"": 0, ""40"": 0, ""41"": 0, ""42"": 5, ""43"": 5, ""44"": 5, ""45"": 5}","42, 43, 44, 45",Sepatu Wanita > Sandal > Sandal Flat,NAPPA MILANO,Indonesia,,Kulit,KAB. TANGERANG,5.0,19,55,"Leon Mules
In a hurry but still seeking comfort and elegance? Leon Mules is your answer! Leon is an easygoing, breathable and unique sandal collection with its Mexican huarache's woven-inspired design and a gold coin detail accentuating its elegance. With the mule design, Leon Mules is a failsafe style option for your wardrobe for warm weather, beach days or relaxing days at home. They're easy to coordinate with your everyday outfits!
Available in black, brown and broken white colours.
Materials:
- Nappa Leather.",https://down-id.img.susercontent.com/file/sg-11134201-7rbm5-lmqzw7ur0iu272,data/images/253449367_20277867186/img_0.jpg
253449367_56561651076,Gail Dainty Red,https://shopee.co.id/Gail-Dainty-Red-i.253449367.56561651076,799000.0,0,"{""36"": 36, ""37"": 36, ""38"": 36, ""39"": 36, ""40"": 36}","36, 37, 38, 39, 40",Sepatu Pria > Sepatu Formal > Loafer,NAPPA MILANO,,,,KAB. TANGERANG,,,2,"Gail Dainty introduces a softer side of Gail — combining feminine details with the comfort and ease of an everyday sneaker. Designed with a lightweight feel, soft elastic finishing, and delicate lace accents, the silhouette brings a playful yet effortless touch to daily wear. Easy to style and comfortable to move in, Gail Dainty is made for girls who love the comfort sneakers bring, but with a softer, more feminine touch.
Materials:
- Upper: Suede Leather & Nylon
- Lining: Textile
- Outsole: Lightweight Rubber
- Construction: Cementing",https://down-id.img.susercontent.com/file/sg-11134201-823pe-mp1v7934vaps16,data/images/253449367_56561651076/img_0.jpg
253449367_22959300121,Moss Derby Light Grey - Nappa Milano - Sepatu Unisex,https://shopee.co.id/Moss-Derby-Light-Grey-Nappa-Milano-Sepatu-Unisex-i.253449367.22959300121,959000.0,0,"{""36"": 13, ""37"": 13, ""38"": 13, ""39"": 13, ""40"": 0, ""41"": 0, ""42"": 0, ""43"": 0, ""44"": 0, ""45"": 0}","36, 37, 38, 39",Sepatu Pria > Sepatu Formal > Oxford,NAPPA MILANO,Indonesia,,,KAB. TANGERANG,4.8,13,37,"We created a new shape through Moss Derby to offer a less formal derby shoe with a roomy round-toes design, making it fit for most foot types. Moss Derby is unisex and has eight color options with various leather materials, offering endless possibilities and inconceivably vast options for your everyday look. They’re, in fact, classic, timeless and that versatile.
Upper: Hairy Suede
Insole: Phylon Injection Insole
Outsole: Lightweight Rubber
Construction: Cemented",https://down-id.img.susercontent.com/file/sg-11134201-7rbmb-lqkbki6kzrfu1e,data/images/253449367_22959300121/img_0.jpg
253449367_18442891103,Burly Chain Black - Nappa Milano - Sepatu Wanita,https://shopee.co.id/Burly-Chain-Black-Nappa-Milano-Sepatu-Wanita-i.253449367.18442891103,1009000.0,0,"{""36"": 0, ""37"": 0, ""38"": 0, ""39"": 0, ""40"": 0, ""41"": 0}",,"Sepatu Wanita > Slip Ons, Mary Janes & Mules",NAPPA MILANO,Indonesia,,,,4.9,"1,1RB",2RB+,"For packaging protection, please add bubble wrap to your order (will add 1 kg to your total order weight)
https://shopee.co.id/product/253449367/22320248351/
Completed with a gold chain accent, this pair is the 'oomph' you need in a modern loafers. Classic designs along with bold outsole combined made Burly stands out among the crowd! The mono-colour scheme completes the bold and daring look you're looking for!
Upper Material: Nappa Leather
Lining: Soft Garment
Outsole: Phylon Rubber
Construction: Cemented",https://down-id.img.susercontent.com/file/sg-11134201-7rbn2-lqkcuy0sf4v4c0_tn,data/images/253449367_18442891103/img_0.jpg
253449367_20720888717,Sam Tassel Black - Nappa Milano - Sepatu Pria,https://shopee.co.id/Sam-Tassel-Black-Nappa-Milano-Sepatu-Pria-i.253449367.20720888717,999000.0,0,"{""39"": 0, ""40"": 0, ""41"": 0, ""42"": 0, ""43"": 0, ""44"": 0, ""45"": 0, ""46"": 0}",,Sepatu Pria > Sepatu Formal > Loafer,NAPPA MILANO,Indonesia,,Kulit,,4.9,"1,5RB",3RB+,"For packaging protection, please add bubble wrap to your order (will add 1 kg to your total order weight)
https://shopee.co.id/product/253449367/22320248351/
Easy slip-on loafers decorated with fringe along with tassel accents. Completed with cushy insole and specialized airy outsole made Sam the perfect statement shoes! Skillfully crafted using brush-off leather ensuring vivid colour pay-off.
Upper Material: Brush Off Leather
Outsole: Lightweight Rubber
Insole: Injected Rubber
Construction: Cemented
Lining: Soft Garment",https://down-id.img.susercontent.com/file/sg-11134201-7rcd9-lsgp6x3hi16hd3,data/images/253449367_20720888717/img_0.jpg
253449367_22816745731,Liv Ankle Strap Black - Nappa Milano - Sandal Wanita,https://shopee.co.id/Liv-Ankle-Strap-Black-Nappa-Milano-Sandal-Wanita-i.253449367.22816745731,829000.0,0,"{""36"": 98, ""37"": 98, ""38"": 98, ""39"": 98, ""40"": 98, ""41"": 98}","36, 37, 38, 39, 40, 41",Sepatu Wanita > Sandal > Sandal Flat,NAPPA MILANO,Indonesia,Tali,Kulit,KAB. TANGERANG,4.9,253,545,"Wrap up in Liv Ankle Strap to achieve an eye-catching laid-back look! One of a kind high ankle loop along with pull tabs on the back as the cherry on top. Completed with extreme comfort injected insole.
Masterly crafted using Brush-off Leather which allows a glossy and vivid color pay-off!
Available in Maroon and Black colour.
Material: Brush-off Leather
Lining: Soft Garment
Outsole: Lightweight Rubber
Construction: Cementing",https://down-id.img.susercontent.com/file/sg-11134201-7rblu-lqkbvlgwooje88_tn,data/images/253449367_22816745731/img_0.jpg
253449367_23384802829,Moss Derby Olive - Nappa Milano - Sepatu Unisex,https://shopee.co.id/Moss-Derby-Olive-Nappa-Milano-Sepatu-Unisex-i.253449367.23384802829,949000.0,0,"{""36"": 0, ""37"": 2, ""38"": 2, ""39"": 0, ""40"": 0, ""41"": 0, ""42"": 0, ""43"": 0, ""44"": 0, ""45"": 0}","37, 38",Sepatu Pria > Sepatu Pria Lainnya,NAPPA MILANO,,,,KAB. TANGERANG,5.0,13,18,"For packaging protection, please add bubble wrap to your order (will add 1 kg to your total order weight)
https://shopee.co.id/product/253449367/22320248351/
We created a new shape through Moss Derby to offer a less formal derby shoe with a roomy round-toes design, making it fit for most foot types. Moss Derby is unisex and has eight color options with various leather materials, offering endless possibilities and inconceivably vast options for your everyday look. They’re, in fact, classic, timeless and that versatile.
Upper: Suede Leather
Insole: Phylon Injection Insole
Outsole: Lightweight Rubber
Construction: Cemented",https://down-id.img.susercontent.com/file/sg-11134201-7rblp-lqkbmaz84tsu6f,data/images/253449367_23384802829/img_0.jpg
